:020000040800F2
:1000000000000220BD3F0008F5360008FB3600085E
:1000100001370008073700080D370008000000000E
:10002000000000000000000000000000133700087E
:1000300021370008000000002F3700083D37000876
:100040000D4000080D4000080D4000080D4000085C
:100050000D4000080D4000080D4000080D4000084C
:100060000D4000080D4000080D4000080D4000083C
:100070000D4000080D4000080D4000080D4000082C
:100080000D4000080D4000080D4000080D4000081C
:100090000D4000080D4000080D4000080D4000080C
:1000A0000D4000080D4000080D4000080D400008FC
:1000B000493700080D4000080D4000080D400008B9
:1000C0000D4000080D4000080D4000080D400008DC
:1000D0000D4000085D3700080D4000080D40000885
:1000E0000D4000080D4000080D4000080D400008BC
:1000F0000D4000080D4000080D4000080D400008AC
:100100000D4000080D4000080D4000080D4000089B
:100110000D4000080D4000080D4000080D4000088B
:10012000713700080D4000080D4000080D40000820
:100130000D4000080D4000080D4000080D4000086B
:100140000D4000080D4000080D4000080D4000085B
:100150000D4000080D4000080D4000080D4000084B
:100160000D4000080D4000080D4000080D4000083B
:100170000D4000080D4000080D4000080000000080
:080180000D4000080D400008CD
:1001900010B5054C237833B9044B13B10448AFF3C1
:1001A00000800123237010BD8400002000000000A7
:1001B00024A3000808B5034B1BB103490348AFF360
:1001C000008008BD000000008800002024A3000873
:1001D00001F0FF01102A2BDB10F0070F08D010F8F8
:1001E000013B013A8B422DD010F0070F42B3F6D1FC
:1001F000F0B441EA012141EA014122F007047FF015
:1002000000070023F0E80256083C85EA010586EA6B
:10021000010685FA47F5A3FA87F586FA47F6A5FAA7
:1002200087F68EB9EED1F0BC01F0FF0102F00702B3
:1002300032B110F8013B013A83EA010313B1F8D15E
:100240000020704701387047002D06BF354603383F
:10025000073815F0010F07D1013015F4807F02BF78
:10026000013015F4C03F0130F0BC0138704700BFC9
:1002700081F0004102E000BF83F0004330B54FEA57
:1002800041044FEA430594EA050F08BF90EA020FC4
:100290001FBF54EA000C55EA020C7FEA645C7FEA57
:1002A000655C00F0E2804FEA5454D4EB5555B8BF7A
:1002B0006D420CDD2C4480EA020281EA030382EAEB
:1002C000000083EA010180EA020281EA0303362D7D
:1002D00088BF30BD11F0004F4FEA01314FF4801C50
:1002E0004CEA113102D0404261EB410113F0004F62
:1002F0004FEA03334CEA133302D0524263EB430319
:1003000094EA050F00F0A780A4F10104D5F1200EB6
:100310000DDB02FA0EFC22FA05F2801841F1000111
:1003200003FA0EF2801843FA05F359410EE0A5F1E5
:1003300020050EF1200E012A03FA0EFC28BF4CF016
:10034000020C43FA05F3C01851EBE37101F00045CC
:1003500007D54FF0000EDCF1000C7EEB00006EEBD9
:100360000101B1F5801F1BD3B1F5001F0CD3490863
:100370005FEA30004FEA3C0C04F101044FEA4452BA
:1003800012F5800F80F09A80BCF1004F08BF5FEA41
:10039000500C50F1000041EB045141EA050130BD21
:1003A0005FEA4C0C404141EB0101013C28BFB1F533
:1003B000801FE9D291F0000F04BF01460020B1FA7E
:1003C00081F308BF2033A3F10B03B3F120020CDA51
:1003D0000C3208DD02F1140CC2F10C0201FA0CF02F
:1003E00021FA02F10CE002F11402D8BFC2F1200C94
:1003F00001FA02F120FA0CFCDCBF41EA0C0190404A
:10040000E41AA2BF01EB0451294330BD6FEA040492
:100410001F3C1CDA0C340EDC04F11404C4F120027D
:1004200020FA04F001FA02F340EA030021FA04F38F
:1004300045EA030130BDC4F10C04C4F1200220FAE6
:1004400002F001FA04F340EA0300294630BD21FA24
:1004500004F0294630BD94F0000F83F4801306BFEA
:1004600081F480110134013D4EE77FEA645C18BFDE
:100470007FEA655C29D094EA050F08BF90EA020F75
:1004800005D054EA000C04BF1946104630BD91EA6D
:10049000030F1EBF0021002030BD5FEA545C05D170
:1004A0004000494128BF41F0004130BD14F58004AF
:1004B0003CBF01F5801130BD01F0004545F0FE4123
:1004C00041F470014FF0000030BD7FEA645C1ABF58
:1004D000194610467FEA655C1CBF0B46024650EA8F
:1004E000013406BF52EA033591EA030F41F40021BB
:1004F00030BD00BF90F0000F04BF0021704730B541
:100500004FF4806404F132044FF000054FF0000115
:1005100050E700BF90F0000F04BF0021704730B5D6
:100520004FF4806404F1320410F0004548BF4042AB
:100530004FF000013EE700BF42004FEAE2014FEA00
:1005400031014FEA02701FBF12F07F4393F07F4FDB
:1005500081F06051704732F07F4208BF704793F0DE
:100560007F4F04BF41F40021704730B54FF46074F1
:1005700001F0004521F000411CE700BF50EA0102F4
:1005800008BF704730B54FF000050AE050EA01029D
:1005900008BF704730B511F0004502D5404261EB0D
:1005A00041014FF4806404F132045FEA915C3FF44E
:1005B000D8AE4FF003025FEADC0C18BF03325FEAEB
:1005C000DC0C18BF033202EBDC02C2F1200300FA9C
:1005D00003FC20FA02F001FA03FE40EA0E0021FAC1
:1005E00002F11444BDE600BF70B54FF0FF0C4CF4AF
:1005F000E06C1CEA11541DBF1CEA135594EA0C0F61
:1006000095EA0C0F00F0DEF82C4481EA030621EA9B
:100610004C5123EA4C5350EA013518BF52EA0335D6
:1006200041F4801143F4801338D0A0FB02CE4FF088
:100630000005E1FB02E506F00042E0FB03E54FF0B8
:100640000006E1FB03569CF0000F18BF4EF0010EB0
:10065000A4F1FF04B6F5007F64F5407404D25FEAAC
:100660004E0E6D4146EB060642EAC62141EA55515F
:100670004FEAC52040EA5E504FEACE2EB4F1FD0CA1
:1006800088BFBCF5E06F1ED8BEF1004F08BF5FEA1F
:10069000500E50F1000041EB045170BD06F00046D1
:1006A00046EA010140EA020081EA0301B4EB5C047E
:1006B000C2BFD4EB0C0541EA045170BD41F4801176
:1006C0004FF0000E013C00F3AB8014F1360FDEBF9B
:1006D000002001F0004170BDC4F10004203C35DA77
:1006E0000C341BDC04F11404C4F1200500FA05F3FA
:1006F00020FA04F001FA05F240EA020001F000429B
:1007000021F0004110EBD37021FA04F642EB060110
:100710005EEA430E08BF20EAD37070BDC4F10C043A
:10072000C4F1200500FA04F320FA05F001FA04F2FE
:1007300040EA020001F0004110EBD37041F10001EA
:100740005EEA430E08BF20EAD37070BDC4F12005F5
:1007500000FA05F24EEA020E20FA04F301FA05F25D
:1007600043EA020321FA04F001F0004121FA04F205
:1007700020EA020000EBD3705EEA430E08BF20EAD5
:10078000D37070BD94F0000F0FD101F0004640000F
:1007900041EB010111F4801F08BF013CF7D041EA91
:1007A000060195F0000F18BF704703F00046520095
:1007B00043EB030313F4801F08BF013DF7D043EA66
:1007C0000603704794EA0C0F0CEA135518BF95EA1C
:1007D0000C0F0CD050EA410618BF52EA4306D1D1A3
:1007E00081EA030101F000414FF0000070BD50EAC2
:1007F000410606BF1046194652EA430619D094EA4C
:100800000C0F02D150EA013613D195EA0C0F05D135
:1008100052EA03361CBF104619460AD181EA030189
:1008200001F0004141F0FE4141F470014FF0000041
:1008300070BD41F0FE4141F4780170BD70B54FF0DC
:10084000FF0C4CF4E06C1CEA11541DBF1CEA13555C
:1008500094EA0C0F95EA0C0F00F0A7F8A4EB05043E
:1008600081EA030E52EA03354FEA013100F0888035
:100870004FEA03334FF0805545EA131343EA1263FE
:100880004FEA022245EA111545EA10654FEA0026B3
:100890000EF000419D4208BF964244F1FD0404F56C
:1008A000407402D25B084FEA3202B61A65EB0305C8
:1008B0005B084FEA32024FF480104FF4002CB6EB85
:1008C000020E75EB030E22BFB61A754640EA0C0005
:1008D0005B084FEA3202B6EB020E75EB030E22BF45
:1008E000B61A754640EA5C005B084FEA3202B6EB86
:1008F000020E75EB030E22BFB61A754640EA9C0045
:100900005B084FEA3202B6EB020E75EB030E22BF14
:10091000B61A754640EADC0055EA060E18D04FEAD2
:10092000051545EA16754FEA06164FEAC30343EA72
:1009300052734FEAC2025FEA1C1CC0D111F4801F3F
:100940000BD141EA00014FF000004FF0004CB6E738
:1009500011F4801F04BF01430020B4F1FD0C88BFD7
:10096000BCF5E06F3FF6AFAEB5EB030C04BFB6EBE2
:10097000020C5FEA500C50F1000041EB045170BDD5
:100980000EF0004E4EEA113114EB5C04C2BFD4EB02
:100990000C0541EA045170BD41F480114FF0000E86
:1009A000013C90E645EA060E8DE60CEA135594EA02
:1009B0000C0F08BF95EA0C0F3FF43BAF94EA0C0F05
:1009C0000AD150EA01347FF434AF95EA0C0F7FF47A
:1009D00025AF104619462CE795EA0C0F06D152EACE
:1009E00003353FF4FDAE1046194622E750EA4106B2
:1009F00018BF52EA43067FF4C5AE50EA41047FF4C3
:100A00000DAF52EA43057FF4EBAE12E74A0011D274
:100A100012F5001211D20DD56FF47873B3EB625258
:100A20000ED44FEAC12343F0004343EA505323FA64
:100A300002F070474FF00000704750EA013002D1D9
:100A40004FF0FF3070474FF0000070474FEA41020F
:100A5000B2F1E04324BFB3F5001CDCF1FE5C0DD91C
:100A600001F0004C4FEAC0024CEA5070B2F1004F66
:100A700040EB830008BF20F00100704711F0804F69
:100A800021D113F13872BCBF01F00040704741F42E
:100A900080114FEA5252C2F11802C2F1200C10FA32
:100AA0000CF320FA02F018BF40F001004FEAC12316
:100AB0004FEAD32303FA0CFC40EA0C0023FA02F3BA
:100AC0004FEA4303CCE77FEA625307D150EA013390
:100AD0001EBF4FF0FE4040F44000704701F0004060
:100AE00040F0FE4040F40000704700BF53B94AB9DF
:100AF000002908BF00281CBF4FF0FF314FF0FF3026
:100B000000F06EB9ADF1080C6DE904CE00F006F806
:100B1000DDF804E0DDE9022304B070472DE9F04779
:100B2000089D04468C46002B40F083808A4217467D
:100B300047D9B2FA82F242B1C2F1200024FA00F0A1
:100B40009140974040EA010C94404FEA1748230C2B
:100B5000BCFBF8F61FFA87FE08FB16C143EA014307
:100B600006FB0EF1994209D9FB1806F1FF3080F01F
:100B70001981994240F21681023E3B445B1AA4B2AD
:100B8000B3FBF8F008FB103344EA034400FB0EFE0D
:100B9000A64509D93C1900F1FF3380F00581A6452F
:100BA00040F2028102383C4440EA0640A4EB0E04C5
:100BB00000261DB1D4400023C5E900433146BDE8FD
:100BC000F08702B9FFDEB2FA82F2002A50D1CB1BC5
:100BD0004FEA174E1FFA87F80126B3FBFEFC210CE3
:100BE0000EFB1C3341EA034108FB0CF38B4207D98F
:100BF00079180CF1FF3002D28B4200F2E980844672
:100C0000C91AA3B2B1FBFEF00EFB101143EA014476
:100C100008FB00F8A04507D93C1900F1FF3302D2C8
:100C2000A04500F2D9801846A4EB080440EA0C4025
:100C3000BFE78B4209D9002D00F0B1800026C5E93D
:100C4000000130463146BDE8F087B3FA83F6002E46
:100C50004AD18B4202D3824200F2B880841A61EBFF
:100C6000030101208C46002DA8D0C5E9004CA5E762
:100C7000C2F1200320FA03F6974001FA02F04FEA8E
:100C8000174ED9403043030CB1FBFEF61FFA87F82C
:100C90000EFB161143EA014306FB08F1994204FAE0
:100CA00002F409D9FB1806F1FF3C80F08D809942CF
:100CB00040F28A80023E3B445B1A81B2B3FBFEF0F5
:100CC0000EFB103341EA034100FB08F38B4207D9C6
:100CD000791800F1FF3C73D28B4271D90238394444
:100CE000CB1A40EA064678E7C6F1200C03FA06F470
:100CF00022FA0CF31C4320FA0CF701FA06F34FEA30
:100D0000144E21FA0CF11F433B0CB1FBFEF91FFA04
:100D100084F80EFB191143EA014109FB08FA8A45E0
:100D200002FA06F200FA06F308D9611809F1FF3059
:100D300048D28A4546D9A9F102092144A1EB0A010A
:100D4000BFB2B1FBFEF00EFB101147EA014700FBFA
:100D500008F8B84507D9E71900F1FF312ED2B84598
:100D60002CD90238274440EA0940A7EB0807A0FB2A
:100D700002894F45C64649461AD317D05DB1B3EB39
:100D80000E0267EB010707FA0CFCF2404CEA020284
:100D9000F740C5E9002700263146BDE8F0872E461A
:100DA00028460BE70646E9E61846FDE64345E5D248
:100DB000B8EB020E69EB04010138DFE70846D2E721
:100DC00060468DE78146B9E7664675E730464AE7F3
:100DD000ACF1020C394413E702383C4424E700BF6D
:100DE000704700BF80B584B000AF3B4600221A6058
:100DF0005A609A60DA603D4B3D4A1A603B4B0022D4
:100E00005A603A4B00229A60384B01221A61374BE4
:100E100000221A76354B002283F82020334B002223
:100E2000DA62324B334A9A62304B0022DA602F4B3F
:100E30000522DA612D4B002283F830202B4B012252
:100E40005A612A4803F07AF90346002B01D001F0D9
:100E500005FA08233B6001237B600023BB603B460F
:100E60001946224803F0DCFA0346002B01D001F0BA
:100E7000F5F909233B6002237B603B4619461B487A
:100E800003F0CEFA0346002B01D001F0E7F90A2364
:100E90003B6003237B603B461946144803F0C0FACD
:100EA0000346002B01D001F0D9F90B233B6004234A
:100EB0007B603B4619460D4803F0B2FA0346002B0F
:100EC00001D001F0CBF90C233B6005237B603B464E
:100ED0001946064803F0A4FA0346002B01D001F09E
:100EE000BDF900BF1037BD4680BD00BFBC0000206B
:100EF000002001400100000F80B58AB000AF78608B
:100F000007F1140300221A605A609A60DA601A61CD
:100F10007B681B683C4A934271D100233B613B4B89
:100F20005B6C3A4A43F480735364384B5B6C03F454
:100F300080733B613B690023FB60344B1B6B334A7E
:100F400043F004031363314B1B6B03F00403FB609A
:100F5000FB680023BB602D4B1B6B2C4A43F0020344
:100F600013632A4B1B6B03F00203BB60BB680723B0
:100F70007B610323BB610023FB6107F11403194666
:100F8000234804F001FA03237B610323BB610023A0
:100F9000FB6107F1140319461E4804F0F5F91E4BD6
:100FA0001E4A1A601C4B00225A601B4B00229A609A
:100FB000194B0022DA60184B4FF480621A61164B0D
:100FC0004FF400625A61144B4FF400529A61124B75
:100FD0004FF48072DA61104B00221A620E4B00222D
:100FE0005A620D4803F0CEFD0346002B01D001F0FC
:100FF00035F97B68084A9A63074A7B68936300BFA8
:101000002837BD4680BD00BF0020014000380240A7
:101010000008024000040240040100201064024065
:1010200080B500AF01220821024804F049FB00BF4F
:1010300080BD00BF000C024080B584B000AF00222C
:1010400008212F4804F03CFB012208212C4804F021
:1010500037FB0A2302222B492B4806F008F800230D
:10106000FB604FF400437B8100237B603FE07B68A3
:10107000002B06DB7B68032B03DC7B680433FB60FF
:1010800018E07B68032B07DD7B68072B04DC7B689B
:10109000C3F10703FB600DE07B68072B06DD7B686F
:1010A0000B2B03DC7B680433FB6003E07B68C3F13C
:1010B0001703FB60134B1A887B8913409BB2002BEC
:1010C00005D0124AFB68002122F8131009E00F4AEC
:1010D000FB6832F81330013399B20C4AFB6822F8EE
:1010E00013107B895B087B817B6801337B607B68A5
:1010F0000F2BBCDD00BF00BF1037BD4680BD00BF59
:10110000000C0240A0000020C40200206401002066
:1011100080B483B000AF0346FB71FB79102B01D97B
:10112000002308E0FB79074A32F81330002B14BF84
:1011300001230023DBB218460C37BD465DF8047B63
:10114000704700BF6401002080B483B000AF034645
:10115000FB71FB79102B01D9002308E0FB79074ACA
:1011600032F81330C72B01D8002300E001231846C2
:101170000C37BD465DF8047B704700BF640100205A
:1011800080B500AF0021024806F0B2FC00BF80BD70
:101190001C03002080B483B000AF0346FB71074AF4
:1011A000FB791370054B1A78054B1B685A6300BF17
:1011B0000C37BD465DF8047B704700BFA2000020DD
:1011C0001C03002080B582B000AF00237B600C4B75
:1011D0001B6B0B4A43F480031363094B1B6B03F433
:1011E00080037B607B6800220021382003F093FCA1
:1011F000382003F0ACFC00BF0837BD4680BD00BFFF
:101200000038024080B588B004AF03460A46FB713F
:101210001346BB71BB79184602F0ACFE0346FB7364
:10122000FB799AB20A2302930123019307F10F037A
:1012300000930123D021034804F0A0FB00BF103726
:10124000BD4680BDE401002080B584B004AF0A2310
:10125000029307230193254B009301230022D02101
:10126000234804F085FC214B1B78184602F068FEE9
:1012700003461A461F4B1A701C4B5B78184602F047
:101280005FFE03461A461C4B1A70184B9B78184693
:1012900002F056FE03461A46184B1A70134BDB78C1
:1012A000184602F04DFE03461A46154B1A700F4BB6
:1012B0001B79184602F044FE03461A46114B1A7079
:1012C0000A4B5B79184602F03BFE03461A460E4B6A
:1012D0001A70064B9B79184602F032FE03461A46F6
:1012E0000A4B1A7000BFBD4680BD00BF8C010020B4
:1012F000E4010020840100208601002089010020F3
:1013000088010020870100208A010020850100203B
:1013100080B58EB000AF07F11C0300221A605A603E
:101320009A60DA601A615A619A613B4600221A603B
:101330005A609A60DA601A615A619A612F4B4FF0D5
:1013400020421A602D4B2E4A5A602C4B00229A6084
:101350002A4B0022DA60294B00221A61274B102207
:101360005A61264B00229A61244B0022DA61234BFA
:1013700000221A62214B00225A62204B4FF4805205
:101380009A621E4B0022DA621C4B4FF480421A63B1
:101390001A4B00225A63194B00229A63174B002202
:1013A0005A640F23FB610F233B623C237B620023C3
:1013B000BB621023FB6211233B6300237B63082382
:1013C0003B600F237B600923BB600023FB6010237D
:1013D0003B6111237B610023BB613A4607F11C038B
:1013E0001946064806F026FA0346002B01D000F005
:1013F00035FF00BF3837BD4680BD00BF94010020D7
:10140000040100A080B586B000AF3B1D00221A6029
:101410005A609A60DA601A611C4B1B68002B31D14C
:101420001A4B01221A6000233B60194B9B6B184A30
:1014300043F001039363164B9B6B03F001033B6086
:101440003B684FF688737B600223BB600023FB6020
:1014500003233B610C237B613B1D19460D4803F0C0
:1014600093FF4CF2B3737B600223BB600023FB60ED
:1014700003233B610C237B613B1D1946064803F0A7
:1014800083FF00E000BF1837BD4680BDA4000020E8
:101490000038024000100240000C024080B582B0CB
:1014A00000AF7860FFF7AEFF00BF0837BD4680BDD4
:1014B00080B58EB000AF07F1240300221A605A6095
:1014C0009A60DA601A6100233B62764B1B6B754AA7
:1014D00043F010031363734B1B6B03F010033B6269
:1014E0003B6A0023FB616F4B1B6B6E4A43F00403A6
:1014F00013636C4B1B6B03F00403FB61FB6900235C
:10150000BB61684B1B6B674A43F020031363654B59
:101510001B6B03F02003BB61BB6900237B61614B44
:101520001B6B604A43F0800313635E4B1B6B03F03D
:1015300080037B617B6900233B615A4B1B6B594ADB
:1015400043F001031363574B1B6B03F001033B6133
:101550003B690023FB60534B1B6B524A43F0020371
:101560001363504B1B6B03F00203FB60FB6800230B
:10157000BB604C4B1B6B4B4A43F008031363494B56
:101580001B6B03F00803BB60BB6800237B60454B0B
:101590001B6B444A43F040031363424B1B6B03F045
:1015A00040037B607B68002270213F4804F088F88C
:1015B00000224FF400513D4804F082F800224021FF
:1015C0003B4804F07DF800224FF48071394804F064
:1015D00077F800220821384804F072F870237B6203
:1015E0000123BB620023FB6200233B6307F124035A
:1015F00019462D4803F0C8FE4FF400537B620123C7
:10160000BB620023FB6200233B6307F124031946FE
:10161000264803F0B9FEC0237B620023BB6200238F
:10162000FB6207F124031946224803F0ADFE302384
:101630007B620023BB620023FB6207F1240319468F
:101640001A4803F0A1FE40237B620123BB62002302
:10165000FB6200233B6307F124031946144803F09F
:1016600093FE4FF480737B620123BB620023FB6215
:1016700000233B6307F1240319460E4803F084FE60
:1016800008237B620123BB620023FB6200233B63D0
:1016900007F124031946084803F076FE00BF3837E7
:1016A000BD4680BD003802400010024000080240E4
:1016B0000018024000000240000C024080B500AF5C
:1016C000124B134A1A60114B124A5A600F4B0022F8
:1016D0009A600E4B0022DA600C4B4FF480421A6184
:1016E0000A4B00225A61094B00229A61074B0022E3
:1016F000DA61064B00221A62044803F0FBFF03463E
:10170000002B01D000F0AAFD00BF80BDE401002045
:1017100000540040A086010080B58AB000AF786018
:1017200007F1140300221A605A609A60DA601A61A5
:101730007B681B68194A93422BD100233B61184BED
:101740001B6B174A43F002031363154B1B6B03F02B
:1017500002033B613B69C0237B611223BB61002311
:10176000FB6103233B6204237B6207F114031946E8
:101770000C4803F009FE0023FB60094B1B6C084A70
:1017800043F400131364064B1B6C03F40013FB605B
:10179000FB6800BF2837BD4680BD00BF0054004035
:1017A000003802400004024080B483B000AF03461A
:1017B000FB80044AFB88138000BF0C37BD465DF8F0
:1017C000047B7047FEFF0F6080B483B000AF034618
:1017D000FB80044AFB88538000BF0C37BD465DF890
:1017E000047B7047FEFF0F6080B483B000AF064BF0
:1017F0005B889BB2FB80FB889BB218460C37BD46CA
:101800005DF8047B704700BFFEFF0F6090B583B0AA
:1018100000AF0446084611461A462346FB8003469D
:10182000BB800B467B8013463B802A20FFF7BCFF22
:10183000FB881B0A9BB21846FFF7C6FFFB88DBB28A
:101840009BB21846FFF7C0FF7B881B0A9BB2184665
:10185000FFF7BAFF7B88DBB29BB21846FFF7B4FFF5
:101860002B20FFF7A1FFBB881B0A9BB21846FFF78E
:10187000ABFFBB88DBB29BB21846FFF7A5FF3B88E6
:101880001B0A9BB21846FFF79FFF3B88DBB29BB257
:101890001846FFF799FF2C20FFF786FF00BF0C3793
:1018A000BD4690BD80B584B000AF0346FB80154BAC
:1018B0001B88013B9AB2134B5B88013B9BB2002112
:1018C0000020FFF7A3FF0023FB8111E00023BB8171
:1018D00006E0FB881846FFF777FFBB890133BB8121
:1018E000084B5B88BA899A42F3D3FB890133FB81A9
:1018F000044B1B88FA899A42E8D300BF00BF103717
:10190000BD4680BD3802002080B582B000AF0346DE
:10191000FB800B46BB8013467B80BB88FA88B98866
:10192000F888FFF773FF7B881846FFF74DFF00BF6D
:101930000837BD4680BD000090B587B000AF0446B3
:10194000084611461A462346FB800346BB800B46D9
:10195000FB7013463B8000237B75FB883B8297F826
:101960002C305B08FB73FB7BDB08DBB21A46FB7B8E
:1019700003F00703DBB2002B14BF01230023DBB20B
:1019800013449AB297F82C309BB212FB03F3BB813D
:10199000FB78203BFB70FB7B9AB2FB8813449BB225
:1019A000013B9CB297F82C309AB2BB8813449BB28F
:1019B000013B9BB2B988F8882246FFF727FF002336
:1019C0007B827AE097F82C300C2B28D097F82C30BB
:1019D000102B08D1FA787B8A3C4912010A4413443F
:1019E0001B78FB751BE097F82C30182B0BD1FA787D
:1019F000798A374813465B0013441B0103440B44A8
:101A00001B78FB750BE097F82C30202B5AD1FA7815
:101A10007B8A304992010A4413441B78FB750023EA
:101A2000BB7544E097F83030002B20D1FA7DBB7DA8
:101A300042FA03F303F00103002B04D03B8818465D
:101A4000FFF7C2FE03E03B8D1846FFF7BDFE7B7D2E
:101A500001337B757B7DFA7BB3FBF2F102FB01F274
:101A60009B1ADBB2002B1FD100237B7522E0FA7D8D
:101A7000BB7D42FA03F303F00103002B05D03A8843
:101A8000B988FB881846FFF73FFFFB880133FB80CE
:101A9000FA883B8AD21AFB7B9A4205D13B8AFB80AB
:101AA000BB880133BB8005E0BB7D0133BB75BB7DCB
:101AB000072BB7D97B8A01337B827A8ABB899A420A
:101AC00080D300E000BF1C37BD4690BD30A40008A5
:101AD00020AA0008F0BB000880B485B000AF034620
:101AE0000A46FB711346BB710123FB6004E0FA79DF
:101AF000FB6802FB03F3FB60BB795A1EBA71002B33
:101B0000F5D1FB6818461437BD465DF8047B704775
:101B100090B589B004AF0446084611461A462346DC
:101B2000FB800346BB800B467B8013467B70002303
:101B3000BB7397F828305B087B730023FB7359E075
:101B40007C887A78FB7BD31ADBB2013BDBB2194687
:101B50000A20FFF7C1FF0346B4FBF3F12A4BA3FBB6
:101B60000123DA0813469B0013445B00CA1A13468C
:101B70003B73BB7B002B21D1FA7B7B78013B9A42E4
:101B80001CDA3B7B002B17D1FB7B9AB27B7B9BB291
:101B900012FB03F39AB2FB88134498B23A8CB988CB
:101BA0000023029397F828300193BB8C00931346CF
:101BB0002022FFF7C1FE1AE00123BB73FB7B9AB220
:101BC0007B7B9BB212FB03F39AB2FB88134498B25F
:101BD0003B7B3033DAB23C8CB9880023029397F810
:101BE00028300193BB8C00932346FFF7A5FEFB7BB7
:101BF0000133FB73FA7B7B789A42A1D300BF00BF0D
:101C00001437BD4690BD00BFCDCCCCCC90B58BB0C9
:101C100004AF0446084687ED020A11461A462346D9
:101C2000FB810346BB810B46FB711346BB8097F8D3
:101C30002C305B08BB75D7ED027A9FED367A67EEE4
:101C4000877AFCEEE77A17EE903ABB820023FB75A9
:101C500057E0BC8AFA79FB7DD31ADBB2013BDBB2D9
:101C600019460A20FFF738FF0346B4FBF3F12A4B6D
:101C7000A3FB0123DA0813469B0013445B00CA1A36
:101C80001346FB74FA7DFB79023B9A421DD1FB7926
:101C9000023B9AB2BB7D9BB212FB03F39AB2FB8963
:101CA000134498B2BA88B9890023029397F82C306C
:101CB00001933B8D009313462E22FFF73DFEFB7DE3
:101CC0000133FB75FB790133FB71FB7D9AB2BB7D60
:101CD0009BB212FB03F39AB2FB89134498B2FB7CCC
:101CE0003033DAB2BC88B9890023029397F82C30DC
:101CF00001933B8D00932346FFF71EFEFB7D0133CE
:101D0000FB75FA7DFB799A42A3D300BF00BF1C3755
:101D1000BD4690BD0000C842CDCCCCCC80B483B0D1
:101D200000AF0346FB71FB791B09DBB203F0030331
:101D3000DBB2002B07D00A4B4FF4A0721A80084B7D
:101D4000F0225A8006E0064BF0221A80044B4FF432
:101D5000A0725A8000BF0C37BD465DF8047B704707
:101D60003802002080B500AF00224FF40051AA488D
:101D700003F0A6FC4FF4FA7002F0BCF901224FF414
:101D80000051A54803F09CFC4FF4FA7002F0B2F940
:101D90000020FFF7C3FFD320FFF706FDFFF724FD68
:101DA00003461A469D4B9A80FFF71EFD03461A46CE
:101DB0009A4B9A80FFF718FD03461A46974B9A8074
:101DC000964B9B881B029AB2944B9A80FFF70CFDAE
:101DD00003461A46914B9B8813439AB28F4B9A80C5
:101DE000CF20FFF7E1FC0020FFF7EEFCC120FFF75A
:101DF000EBFC3020FFF7E8FCED20FFF7D5FC64207A
:101E0000FFF7E2FC0320FFF7DFFC1220FFF7DCFC0A
:101E10008120FFF7D9FCE820FFF7C6FC8520FFF7FB
:101E2000D3FC1020FFF7D0FC7A20FFF7CDFCCB20AD
:101E3000FFF7BAFC3920FFF7C7FC2C20FFF7C4FCE2
:101E40000020FFF7C1FC3420FFF7BEFC0220FFF7A3
:101E5000BBFCF720FFF7A8FC2020FFF7B5FCEA2029
:101E6000FFF7A2FC0020FFF7AFFC0020FFF7ACFC5F
:101E7000C020FFF799FC1B20FFF7A6FCC120FFF74D
:101E800093FC0120FFF7A0FCC520FFF78DFC30205C
:101E9000FFF79AFC3020FFF797FCC720FFF784FC80
:101EA000B720FFF791FC3620FFF77EFC0820FFF7F4
:101EB0008BFC3A20FFF778FC5520FFF785FCB1201A
:101EC000FFF772FC0020FFF77FFC1A20FFF77CFC75
:101ED000B620FFF769FC0A20FFF776FCA220FFF787
:101EE00073FCF220FFF760FC0020FFF76DFC26205A
:101EF000FFF75AFC0120FFF767FCE020FFF754FCD6
:101F00000F20FFF761FC2A20FFF75EFC2820FFF777
:101F10005BFC0820FFF758FC0E20FFF755FC08205B
:101F2000FFF752FC5420FFF74FFCA920FFF74CFCB1
:101F30004320FFF749FC0A20FFF746FC0F20FFF77C
:101F400043FC0020FFF740FC0020FFF73DFC002091
:101F5000FFF73AFC0020FFF737FCE120FFF724FCF5
:101F60000020FFF731FC1520FFF72EFC1720FFF7AC
:101F70002BFC0720FFF728FC1120FFF725FC06208B
:101F8000FFF722FC2B20FFF71FFC5620FFF71CFC5D
:101F90003C20FFF719FC0520FFF716FC1020FFF787
:101FA00013FC0F20FFF710FC3F20FFF70DFC3F2034
:101FB000FFF70AFC0F20FFF707FC2B20FFF7F4FBCD
:101FC0000020FFF701FC0020FFF7FEFB0120FFF7D8
:101FD000FBFB3F20FFF7F8FB2A20FFF7E5FB002083
:101FE000FFF7F2FB0020FFF7EFFB0020FFF7ECFB11
:101FF000EF20FFF7E9FB1120FFF7D6FB782002F076
:1020000079F82920FFF7D0FB01224FF480710448B2
:1020100003F056FB00BF80BD0008024038020020DC
:102020000000024090B58BB004AFBA601A46034678
:10203000FB810B46BB811346FB80FB89BB820023DF
:10204000FB7548E0FB7D002B45D1FA89264B1B88A8
:10205000194697F82C305B08DBB2CB1A9A423FDC6A
:10206000BA89214B5B88194697F82C30CB1A9A42D3
:1020700036DCBB681B78802B02D90123FB752AE074
:10208000BB681B780D2B0BD197F82C309AB2BB890B
:102090001344BB81BB8AFB81BB680133BB6017E083
:1020A000BB681A78FC88B989F88997F830300293B0
:1020B00097F82C3001933B8D00932346FFF73CFCAF
:1020C00097F82C305B08DBB29AB2FB891344FB8192
:1020D000BB680133BB60BB681B78002BB2D100E04A
:1020E00000BF1C37BD4690BD3802002080B500AF50
:1020F000FFF738FE01F0F0F8FFF742F8FEF790FF27
:1021000001F05EFE00F0E0FE0A21002001F0D8F9A7
:102110004FF47A71012001F0D3F9C821022001F0B7
:10212000CFF94FF4FA71032001F0CAF94FF47A7134
:10213000042001F0C5F900BF80BD000080B500AFEC
:1021400001F066FF00F020F8FFF7B2F9FFF73AF868
:1021500001F02AFAFFF7DCF8FFF7B0FA01F06CFDA6
:1021600001F01EFDFEF73EFE01F070FE054805F091
:10217000F5FBFFF7BBFF0020FFF794FB01F0F6FC37
:10218000FCE700BF6403002080B594B000AF07F106
:10219000200330220021184607F08EFC07F10C03C3
:1021A00000221A605A609A60DA601A610023BB60EC
:1021B000284B1B6C274A43F080531364254B1B6C40
:1021C00003F08053BB60BB6800237B60224B1B681D
:1021D000214A43F4804313601F4B1B6803F4804380
:1021E0007B607B6802233B620123FB6210233B631D
:1021F0000223BB630023FB6308233B64A8237B64A7
:102200000223BB640423FB6407F12003184604F097
:1022100031FA0346002B01D000F020F80F23FB60B9
:1022200002233B6100237B614FF4A053BB614FF459
:10223000A053FB6107F10C030521184604F092FC42
:102240000346002B01D000F009F800BF5037BD460F
:1022500080BD00BF003802400070004080B400AF75
:1022600072B600BFFEE7000080B500AF0E4B1B78D2
:10227000022B12D0022B15DC002B02D0012B07D031
:1022800010E000F0A5FD00F0E3FD00F05DFB09E0CB
:1022900000F08EF900F058FB04E000F007F800F0C1
:1022A00053FBFFE700BF80BDA800002080B500AF52
:1022B000B74B1B78062B00F2698101A252F823F07C
:1022C000DD220008ED2200085D230008CD23000870
:1022D0003D240008AD2400081D2500080021012030
:1022E00000F02CFEAA4B01221A704FE1A94B1B787B
:1022F000002B02D0012B15D02AE0A74B1B7801211F
:10230000184600F059FE012001F038F90346002B71
:102310001DD1A04B01221A704FF47A71012001F0F7
:10232000CFF814E09C4B1B780021184600F044FEC7
:10233000012001F023F90346002B09D1954B00221F
:102340001A704FF47A71012001F0BAF800E000BF72
:10235000914800F0DBFC00F04BFB17E18D4B1B7844
:10236000002B02D0012B15D02AE08C4B1B780121C9
:10237000184600F05FFE012001F000F90346002B33
:102380001DD1844B01221A704FF47A71012001F0A3
:1023900097F814E0814B1B780021184600F04AFEA4
:1023A000012001F0EBF80346002B09D1794B002204
:1023B0001A704FF47A71012001F082F800E000BF3A
:1023C000764800F0A3FC00F013FBDFE0714B1B78B4
:1023D000002B02D0012B15D02AE0714B1B78012174
:1023E000184600F065FE012001F0C8F80346002BF6
:1023F0001DD1684B01221A704FF47A71012001F04F
:102400005FF814E0664B1B780021184600F050FE80
:10241000012001F0B3F80346002B09D15D4B0022E7
:102420001A704FF47A71012001F04AF800E000BF01
:102430005B4800F06BFC00F0DBFAA7E0554B1B7823
:10244000002B02D0012B15D02AE0564B1B7801211E
:10245000184600F087FE012001F090F80346002B9B
:102460001DD14C4B01221A704FF47A71012001F0FA
:1024700027F814E04B4B1B780021184600F072FE41
:10248000012001F07BF80346002B09D1414B0022CB
:102490001A704FF47A71012001F012F800E000BFC9
:1024A000404800F033FC00F0A3FA6FE0394B1B7892
:1024B000002B02D0012B15D02AE03B4B1B780121C9
:1024C000184600F08DFE012001F058F80346002B5D
:1024D0001DD1304B01221A704FF47A71012000F0A7
:1024E000EFFF14E0304B1B780021184600F078FE17
:1024F000012001F043F80346002B09D1254B0022AF
:102500001A704FF47A71012000F0DAFF00E000BF8A
:10251000254800F0FBFB00F06BFA37E01D4B1B7801
:10252000002B02D0012B15D02AE0204B1B78012173
:10253000184600F093FE012001F020F80346002B1E
:102540001DD1144B01221A704FF47A71012000F052
:10255000B7FF14E0154B1B780021184600F07EFEF3
:10256000012001F00BF80346002B09D1094B002292
:102570001A704FF47A71012000F0A2FF00E000BF52
:102580000A4800F0C3FB00F033FAFFE700BF80BD4C
:10259000A90000207702002007000020080000208A
:1025A000090000200A0000200B0000200C00002081
:1025B00080B500AFC04B1B78062B00F2AB8101A2A7
:1025C00052F823F0E125000851260008C126000832
:1025D00031270008A12700081128000881280008D9
:1025E000B64B1B78002B02D0012B15D02AE0B44B40
:1025F0001B780121184600F0A1FC012000F0BEFF6D
:102600000346002B1DD1AD4B01221A704FF47A7195
:10261000012000F055FF14E0A94B1B78002118465B
:1026200000F08CFC012000F0A9FF0346002B09D12B
:10263000A24B00221A704FF47A71012000F040FF83
:1026400000E000BF9E4800F061FB00F0D1F961E1BD
:102650009A4B1B78002B02D0012B15D02AE0994B06
:102660001B780121184600F0A7FC012000F086FF2E
:102670000346002B1DD1914B01221A704FF47A7141
:10268000012000F01DFF14E08E4B1B78002118463E
:1026900000F092FC012000F071FF0346002B09D1ED
:1026A000864B00221A704FF47A71012000F008FF67
:1026B00000E000BF834800F029FB00F099F929E110
:1026C0007E4B1B78002B02D0012B15D02AE07E4BCD
:1026D0001B780121184600F0ADFC012000F04EFFF0
:1026E0000346002B1DD1754B01221A704FF47A71ED
:1026F000012000F0E5FE14E0734B1B780021184622
:1027000000F098FC012000F039FF0346002B09D1AE
:102710006A4B00221A704FF47A71012000F0D0FE4B
:1027200000E000BF684800F0F1FA00F061F9F1E064
:10273000624B1B78002B02D0012B15D02AE0634B93
:102740001B780121184600F0B3FC012000F016FFB1
:102750000346002B1DD1594B01221A704FF47A7198
:10276000012000F0ADFE14E0584B1B780021184604
:1027700000F09EFC012000F001FF0346002B09D170
:102780004E4B00221A704FF47A71012000F098FE2F
:1027900000E000BF4D4800F0B9FA00F029F9B9E0B7
:1027A000464B1B78002B02D0012B15D02AE0484B5A
:1027B0001B780121184600F0D5FC012000F0DEFE58
:1027C0000346002B1DD13D4B01221A704FF47A7144
:1027D000012000F075FE14E03D4B1B7800211846E7
:1027E00000F0C0FC012000F0C9FE0346002B09D117
:1027F000324B00221A704FF47A71012000F060FE13
:1028000000E000BF324800F081FA00F0F1F881E00A
:102810002A4B1B78002B02D0012B15D02AE02D4B20
:102820001B780121184600F0DBFC012000F0A6FE19
:102830000346002B1DD1214B01221A704FF47A71EF
:10284000012000F03DFE14E0224B1B7800211846C9
:1028500000F0C6FC012000F091FE0346002B09D1D8
:10286000164B00221A704FF47A71012000F028FEF6
:1028700000E000BF174800F049FA00F0B9F849E05D
:102880000E4B1B78002B02D0012B27D03CE0124BC3
:102890001B780121184600F0E1FC012000F06EFEDB
:1028A0000346002B2FD1054B01221A704FF47A7189
:1028B000012000F005FE26E0A9000020770200209C
:1028C0000000002001000020020000200300002082
:1028D0000400002005000020060000200E4B1B789D
:1028E0000021184600F0BAFC012000F047FE034624
:1028F000002B09D1094B00221A704FF47A71012084
:1029000000F0DEFD00E000BF034800F0FFF900F03A
:102910006FF8FFE700BF80BD0600002077020020AF
:1029200080B584B004AF00230293182301930023E1
:1029300000930023034A1E211420FFF773FB00BFFE
:10294000BD4680BD3CA3000880B500AF254B1B7879
:10295000002B02D0012B32D03DE00020FEF7D8FB47
:102960000346012B23D1204B1B78022B16D0022BC0
:1029700017DC002B02D0012B09D012E000F068FA1E
:10298000194B01221A70194B00221A7009E0174BDB
:1029900000221A70144B02221A7002E0124B00221D
:1029A0001A70FFF7BDFF0F4B01221A7015E00020CF
:1029B000FEF7AEFB0346012B0FD100230FE00020F2
:1029C000FEF7A6FB0346002B03D1064B00221A702C
:1029D00004E0002303E0002301E000BF01231846C8
:1029E00080BD00BF74020020A8000020A9000020C4
:1029F00080B500AF5F4B9B78002B03D0012B00F01C
:102A0000A780B1E00C20FEF783FB0346012B40F0CA
:102A10009780594B1B78012B5DD1584B1B78062BA7
:102A200056D801A252F823F0452A0008592A000876
:102A30006D2A0008812A0008BD2A0008A92A00087A
:102A4000952A00084E4B1B7819460020FEF7DAFB4A
:102A50004A4B01221A703BE04A4B1B781946012071
:102A6000FEF7D0FB454B02221A7031E0464B1B7833
:102A700019460220FEF7C6FB404B03221A7027E0DE
:102A8000424B1B7819460320FEF7BCFB3B4B06224A
:102A90001A701DE03E4B1B7819460620FEF7B2FB6C
:102AA000364B05221A7013E03A4B1B781946052065
:102AB000FEF7A8FB314B04221A7009E0364B1B7855
:102AC00019460420FEF79EFB2C4B00221A7000BF13
:102AD00000F0BEF930E0294B1B78062B2CD801A260
:102AE00052F823F0012B0008092B0008112B0008D5
:102AF000192B0008312B0008292B0008212B000876
:102B00001E4B01221A7017E01C4B02221A7013E0B0
:102B10001A4B03221A700FE0184B06221A700BE0B2
:102B2000164B05221A7007E0144B04221A7003E0BA
:102B3000124B00221A7000BF0E4B01229A7015E052
:102B40000C20FEF7E5FA0346012B0FD100230FE01E
:102B50000C20FEF7DDFA0346002B03D1054B0022C3
:102B60009A7004E0002303E0002301E000BF01238A
:102B7000184680BD74020020A8000020A900002093
:102B800000000020010000200200002003000020BF
:102B900006000020050000200400002080B485B05D
:102BA00000AF7860564B1B78062B00F2A28001A282
:102BB00052F823F0D12B0008D12B0008ED2B000890
:102BC000092C00085D2C0008412C0008252C000869
:102BD0007B681B780133DAB27B681A707B681B78DC
:102BE0003B2B7DD97B6800221A7079E07B681B78CB
:102BF0000133DAB27B681A707B681B78172B71D9A6
:102C00007B6800221A706DE07B681B780133DAB2B2
:102C10007B681A707B681B78072B65D97B6801225B
:102C20001A7061E07B681B780133DAB27B681A7036
:102C30007B681B78632B59D97B6800221A7055E09A
:102C40007B681B780133DAB27B681A707B681B786B
:102C50000C2B4DD97B6801221A7049E07B681B78E8
:102C60000133DAB27B681A701E23FB73254B1B7885
:102C7000013B0B2B2AD801A252F823F0AD2C0008FF
:102C8000B32C0008AD2C0008CD2C0008AD2C00089A
:102C9000CD2C0008AD2C0008AD2C0008CD2C000870
:102CA000AD2C0008CD2C0008AD2C00081F23FB73B1
:102CB0000DE0154B1B7803F00303DBB2002B02D0B1
:102CC0001C23FB7303E01D23FB7300E000BF7B6844
:102CD0001B78FA7B9A420CD27B6801221A7008E0BA
:102CE00000BF06E000BF04E000BF02E000BF00E05C
:102CF00000BF00BF1437BD465DF8047B704700BFBE
:102D0000A9000020050000200600002080B582B048
:102D100000AF78602C4B5B78022B31D0022B49DC62
:102D2000002B02D0012B15D044E00320FEF7F0F970
:102D30000346012B06D17868FFF730FF224B0122B2
:102D40005A7039E00320FEF7E3F90346012B33D133
:102D5000002335E00320FEF7DBF90346002B03D107
:102D6000194B00225A702AE00320FEF7EDF90346C2
:102D7000012B03D1144B02225A7020E000231FE0E4
:102D8000124B00221A70022000F0F8FB0346002BC1
:102D900006D17868FFF702FFC821022000F090FBFF
:102DA0000320FEF7B5F90346002B07D1064B00229E
:102DB0005A7003E0002303E000BF00E000BF0123DE
:102DC00018460837BD4680BD7402002077020020F7
:102DD00080B400AF104B1A78104B1A70104B1A7851
:102DE000104B1A70104B1A78104B1A70104B1A783F
:102DF000104B1A70104B1A78104B1A70104B1A782F
:102E0000104B1A70104B1A78104B1A7000BFBD4649
:102E10005DF8047B704700BF8401002000000020A3
:102E2000860100200100002089010020020000200E
:102E300088010020030000208701002004000020FA
:102E40008A010020050000208501002006000020E6
:102E500080B500AF154B1B780121184600F082F9B0
:102E6000134B1B780121184600F022F9114B1B78F7
:102E70000121184600F0DEF80F4B1B78012118469F
:102E800000F09AF80D4B1B780121184600F0A8F9C4
:102E90000B4B1B780121184600F0E0F9094B1B7819
:102EA0000121184600F04AF800BF80BD0400002050
:102EB0000300002002000020010000200500002087
:102EC000060000200000002080B400AF1A4B4FF62F
:102ED000FF721A60184B00225A60174B96221A7222
:102EE000154B06225A72144B6E229A72124B06220E
:102EF000DA72114B46221A730F4B06225A730E4B8D
:102F000014229A730C4B3C22DA730B4B46221A7430
:102F1000094B3C225A74084B6E229A74064B3C2291
:102F2000DA74054B96221A75034B3C225A7500BF82
:102F3000BD465DF8047B704778020020B0B586B0CE
:102F400004AF03460A46FB711346BB71BB79002BE5
:102F500016D0184B1B7A98B2164B5B7A99B2FB7954
:102F60009CB2144B1B689BB2124A526892B218254D
:102F700002950192009302232246FEF7C9FD15E057
:102F80000C4B1B7A98B20B4B5B7A99B2FB799CB2D3
:102F9000084B5B689BB2074A526892B218250295AB
:102FA0000192009302232246FEF7B2FD00BF0837CC
:102FB000BD46B0BD78020020B0B586B004AF034670
:102FC0000A46FB711346BB71BB79002B16D0184B18
:102FD0009B7A98B2164BDB7A99B2FB799CB2144B70
:102FE0001B689BB2124A526892B218250295019250
:102FF000009302232246FEF78BFD15E00C4B9B7AD3
:1030000098B20B4BDB7A99B2FB799CB2084B5B68A8
:103010009BB2074A526892B218250295019200931A
:1030200002232246FEF774FD00BF0837BD46B0BD3F
:1030300078020020B0B586B004AF03460A46FB71A3
:103040001346BB71BB79002B16D0184B1B7B98B273
:10305000164B5B7B99B2FB799CB2144B1B689BB2FD
:10306000124A526892B218250295019200930223E7
:103070002246FEF74DFD15E00C4B1B7B98B20B4B27
:103080005B7B99B2FB799CB2084B5B689BB2074AA9
:10309000526892B2182502950192009302232246AB
:1030A000FEF736FD00BF0837BD46B0BD78020020F0
:1030B000B0B586B004AF03460A46FB711346BB7138
:1030C000BB79002B2FD0FB79012B16D0234B9B7B98
:1030D00098B2224BDB7B99B2FB799CB21F4B1B68E9
:1030E0009BB21E4A526892B2182502950192009333
:1030F00002232246FEF70CFD2BE0184B9B7B98B277
:10310000164BDB7B99B2154B1B689AB2134B5B686D
:103110009BB2002402941824019400931346104A91
:10312000FEF780FF15E00D4B9B7B98B20B4BDB7BD2
:1031300099B2FB799CB2094B5B689BB2074A526813
:1031400092B2182502950192009302232246FEF7BF
:10315000DFFC00BF0837BD46B0BD00BF78020020CD
:1031600050A30008B0B586B004AF03460A46FB7111
:103170001346BB71BB79002B16D0184B1B7C98B241
:10318000164B5B7C99B2FB799CB2144B1B689BB2CB
:10319000124A526892B218250295019200930223B6
:1031A0002246FEF7B5FC15E00C4B1B7C98B20B4B8E
:1031B0005B7C99B2FB799CB2084B5B689BB2074A77
:1031C000526892B21825029501920093022322467A
:1031D000FEF79EFC00BF0837BD46B0BD7802002058
:1031E000B0B586B004AF03460A46FB711346BB7107
:1031F000BB79002B16D0184B9B7C98B2164BDB7C0E
:1032000099B2FB799CB2144B1B689BB2124A52686C
:1032100092B2182502950192009302232246FEF7EE
:1032200077FC15E00C4B9B7C98B20B4BDB7C99B286
:10323000FB799CB2084B5B689BB2074A526892B21A
:10324000182502950192009302232246FEF760FCA6
:1032500000BF0837BD46B0BD78020020B0B586B0CB
:1032600004AF03460A46FB711346BB71BB79002BC2
:1032700016D0184B1B7D98B2164B5B7D99B2FB792B
:103280009CB2144B1B689BB2124A526892B218252A
:1032900002950192009302232246FEF739FC15E0C5
:1032A0000C4B1B7D98B20B4B5B7D99B2FB799CB2AA
:1032B000084B5B689BB2074A526892B21825029588
:1032C0000192009302232246FEF722FC00BF08373A
:1032D000BD46B0BD7802002080B500AF052203498D
:1032E000034800F06FFF00BF80BD00BF90020020C8
:1032F000BC00002080B500AF05220349034800F060
:1033000061FF00BF80BD00BF90020020BC00002014
:1033100080B400AF034B9B881846BD465DF8047B24
:10332000704700BF9002002080B400AF034BDB88E1
:103330001846BD465DF8047B704700BF9002002030
:1033400080B500AF1A4B1B8807EE903AF8EE677A0B
:1033500017EE900AFDF7F0F811A3D3E90023FDF76B
:1033600043F902460B46104619464FF00002114B36
:10337000FDF73AF902460B46104619460AA3D3E96F
:103380000023FDF75BFA02460B4610461946FDF78F
:103390005DFB034607EE903AB0EE670A80BD00BFC2
:1033A0006666666666660A40CDCCCCCCAC08B94091
:1033B000900200200000284080B500AF284B5B88B9
:1033C00007EE903AF8EE677A17EE900AFDF7B4F838
:1033D0001FA3D3E90023FDF707F902460B46104669
:1033E00019464FF000021F4BFDF7FEF802460B4650
:1033F0001046194618A3D3E90023FDF71FFA024629
:103400000B46104619464FF00002174BFCF734FFED
:1034100002460B46104619464FF00002134BFDF7CB
:10342000E3F802460B46104619464FF000020E4BD9
:10343000FDF704FA02460B4610461946FDF706FB57
:10344000034607EE903AB0EE670A80BDAFF3008006
:103450006666666666660A4048E17A14EEB2A44083
:103460009002002000408F40000004400000144003
:1034700080B400AF0A4B1B8907EE903AF8EE677AEA
:103480009FED087A67EE877A9FED077AC7EE876A25
:10349000F0EE667AB0EE670ABD465DF8047B7047D1
:1034A000900200200000A54300F07F4580B582B067
:1034B00000AF786000F030F800BF0837BD4680BD2F
:1034C00080B582B000AF786039603B684FF47A72A3
:1034D00002FB03F31846FDF70DF84FF000020C4B0A
:1034E000FDF7ACF902460B4610461946FDF78EFA79
:1034F000024608497B68DB000B445A60054A7B683A
:10350000012102F8331000BF0837BD4680BD00BF5F
:1035100000408F409C02002080B483B000AF0023A5
:103520007B601FE0144A7B6812F83330002B16D002
:10353000114A7B68DB0013445B685A1E0E497B68A6
:10354000DB000B445A600C4A7B68DB0013445B6869
:10355000002B04D1084A7B68002102F833107B68F5
:1035600001337B607B68042BDCD900BF00BF0C37C4
:10357000BD465DF8047B70479C02002080B483B098
:1035800000AF7860074A7B6812F83330012B0CBF1C
:1035900001230023DBB218460C37BD465DF8047BDF
:1035A000704700BF9C02002080B500AF174B184A3F
:1035B0001A60164B4FF482725A60144B00229A60C4
:1035C000124B0022DA60114B00221A610F4B0022CD
:1035D0005A610E4B4FF400729A610C4B0022DA6173
:1035E0000A4B00221A62094B00225A62074B002242
:1035F0009A62064B0A22DA62044803F0AFFC0346E3
:10360000002B01D0FEF72AFE00BF80BDC4020020BF
:103610000030014080B58AB000AF786007F1140334
:1036200000221A605A609A60DA601A617B681B682F
:10363000194A93422BD100233B61184B5B6C174A0C
:1036400043F480535364154B5B6C03F480533B612C
:103650003B690023FB60114B1B6B104A43F00203D4
:1036600013630E4B1B6B03F00203FB60FB683823F4
:103670007B610223BB610023FB6103233B620523C3
:103680007B6207F114031946054801F07DFE00BF77
:103690002837BD4680BD00BF0030014000380240E1
:1036A0000004024080B483B000AF00237B60104B65
:1036B0005B6C0F4A43F4804353640D4B5B6C03F423
:1036C00080437B607B6800233B60094B1B6C084A8E
:1036D00043F080531364064B1B6C03F080533B6034
:1036E0003B6800BF0C37BD465DF8047B704700BFE8
:1036F0000038024080B400AFFEE780B400AFFEE7C0
:1037000080B400AFFEE780B400AFFEE780B400AF46
:10371000FEE780B400AF00BFBD465DF8047B704794
:1037200080B400AF00BFBD465DF8047B704780B435
:1037300000AF00BFBD465DF8047B704780B500AFA9
:1037400000F0B8FC00BF80BD80B500AF024804F0B7
:1037500097FA00BF80BD00BF6403002080B500AFB2
:10376000024805F0F7F900BF80BD00BF100400203B
:1037700080B500AF024801F09DFB00BF80BD00BFD7
:103780000401002080B586B000AF7860144A154B64
:10379000D31A7B617B693B61134B1B68002B02D101
:1037A000114B124A1A60104B1A687B6813443A692D
:1037B0009A4207D206F056F903460C221A604FF0DF
:1037C000FF3309E0084B1B68FB60074B1A687B68F6
:1037D0001344054A1360FB6818461837BD4680BD80
:1037E0000000022000040000AC000020680400205B
:1037F00080B584B004AF0020FFF7C0FE0346002B65
:1038000040F08A800A210020FFF75AFEFDF71CFDD8
:10381000FDF712FCFFF76EFDFFF786FD03461A4623
:1038200040F632339A4234D9434B1B78012B1AD1DC
:10383000424B1B68DBB21846FDF7ACFC0420FFF7D7
:103840009DFE0346002B27D14FF47A710420FFF729
:1038500037FE394B00221A70394800F0BFFA394858
:1038600000F0BCFA18E0344B1B78002B14D1002078
:10387000FDF790FC0420FFF781FE0346002B0BD1DF
:103880004FF47A710420FFF71BFE2B4B01221A70B4
:1038900002E00020FDF77EFC2B4BDB8A012B1BD1C5
:1038A000264B1B680A33254A1360244B1B68632B85
:1038B00002DD224B00221A60204B1B689AB21023B3
:1038C0000293002301934FF6FF73009302234FF4FA
:1038D00096710A20FEF71CF91B4BDB8B012B1BD1C9
:1038E000164B1B680A3B154A1360144B1B68002BD0
:1038F00002DA124B63221A60104B1B689AB2102333
:103900000293002301934FF6FF73009302234FF4B9
:1039100096710A20FEF7FCF80320FFF72FFE0346FE
:10392000002B06D14FF4FA710320FFF7C9FD00F018
:103930000DF800BFBD4680BDB00000201000002083
:1039400074A300088CA300086401002080B52DED4D
:10395000028B84B004AF0023029310230193002351
:1039600000934FF6FF73774A64210A20FEF75AFB53
:10397000FFF7E6FCF0EE407A10230193002300935A
:103980004FF6FF730422B0EE670A64218220FEF72F
:103990003DF90023029310230193002300934FF677
:1039A000FF73694A78210A20FEF73CFBFFF704FD0C
:1039B000F0EE407A10230193002300934FF6FF733B
:1039C0000422B0EE670A78218220FEF71FF9002357
:1039D000029310230193002300934FF6FF735B4A79
:1039E0008C210A20FEF71EFBFFF7E6FCB0EE408AB2
:1039F000FFF7A6FCF0EE407A68EE277A10230193D9
:103A0000002300934FF6FF730422B0EE670A8C2167
:103A10008220FEF7FBF8002302931023019300237A
:103A200000934FF6FF734A4AA0210A20FEF7FAFAE4
:103A3000FFF76EFC0346B3F5406F0DD200230293EF
:103A400010230193002300934FF6FF73414AA021F6
:103A50003C20FEF7E7FA0CE00023029310230193C9
:103A6000002300934FF6FF733B4AA0213C20FEF752
:103A7000D9FAFFF74DFC03461A46102302930023A0
:103A800001934FF6FF7300930423A0218220FEF7D9
:103A90003FF80023029310230193002300934FF675
:103AA000FF732E4AB4210A20FEF7BCFAFFF73CFC54
:103AB00003461A46642303FB02F3294A82FB0312DE
:103AC0001A44D212DB17D31A9AB21023029300239E
:103AD00001934FF6FF7300930223B4218220FEF777
:103AE00017F80023029310230193002300934FF64D
:103AF000FF731C4AB421B420FEF794FA002302930A
:103B000010230193002300934FF6FF73164AC82138
:103B10000A20FEF787FAFFF7ABFCF0EE407A10239D
:103B20000193002300934FF6FF730422B0EE670A5F
:103B3000C8218220FEF76AF800BFBD46BDEC028BAB
:103B400080BD00BFB8A30008C4A30008D4A3000828
:103B5000E0A30008E8A30008F4A3000800A40008FC
:103B6000810008800CA4000810A4000880B500AFF4
:103B7000FFF73EFEFEF778FB00BF80BD80B400AFCC
:103B8000064BD3F88830054A43F47003C2F88830F6
:103B900000BFBD465DF8047B704700BF00ED00E04C
:103BA00080B586B000AF07F1080300221A605A60A2
:103BB0009A60DA603B4600221A605A601D4B4FF053
:103BC00080421A601B4B40F247325A60194B002268
:103BD0009A60184B6322DA60164B00221A61154B6B
:103BE00000229A61134803F069FE0346002B01D0BE
:103BF000FEF734FB4FF48053BB6007F1080319460E
:103C00000C4804F007FA0346002B01D0FEF726FB10
:103C100000233B6000237B603B461946054804F0C7
:103C2000F9FD0346002B01D0FEF718FB00BF183743
:103C3000BD4680BD6403002080B588B000AF3B1D49
:103C400000221A605A609A60DA601A615A619A61B9
:103C50001E4B1F4A1A601D4B40F247325A601B4BE5
:103C600000229A60194B6322DA60184B00221A6115
:103C7000164B00229A61154803F020FE0346002BE4
:103C800001D0FEF7EBFA114803F0D8FE0346002BF3
:103C900001D0FEF7E3FA60237B600023BB600023C2
:103CA000FB6000237B613B1D00221946074804F09E
:103CB000EFF80346002B01D0FEF7D0FA034800F0DE
:103CC00045F800BF2037BD4680BD00BF1C03002063
:103CD000001C004080B584B000AF78607B681B6832
:103CE000B3F1804F16D10023FB60164B1B6C154AB5
:103CF00043F001031364134B1B6C03F00103FB60DF
:103D0000FB68002200211C2000F005FF1C2000F0B1
:103D10001EFF12E07B681B680B4A93420DD1002303
:103D2000BB60084B1B6C074A43F080031364054BD0
:103D30001B6C03F08003BB60BB6800BF1037BD463F
:103D400080BD00BF00380240001C004080B588B034
:103D500000AF786007F10C0300221A605A609A6085
:103D6000DA601A617B681B68124A93421ED10023F5
:103D7000BB60114B1B6B104A43F0200313630E4BC7
:103D80001B6B03F02003BB60BB684FF48073FB60C8
:103D900002233B6100237B610023BB610923FB619C
:103DA00007F10C031946054801F0EEFA00BF203771
:103DB000BD4680BD001C0040003802400014024097
:103DC00080B500AF01220349034804F092FE00BF12
:103DD00080BD00BFB10000201004002080B582B07B
:103DE00000AF78607A680749074805F06DFE034622
:103DF0009AB20A230449054804F0E9FD00BF0837D8
:103E0000BD4680BD1CA40008AC03002010040020A7
:103E100080B582B000AF78607B681B68084A934227
:103E20000AD10A2301220749074804F0D0FD0122E4
:103E30000449054804F05DFE00BF0837BD4680BD5B
:103E400000100140B10000201004002080B500AF38
:103E5000114B124A1A60104B4FF4E1325A600E4B6C
:103E600000229A600C4B0022DA600B4B00221A6190
:103E7000094B0C225A61084B00229A61064B002222
:103E8000DA61054804F056FD0346002B01D0FEF729
:103E9000E5F900BF80BD00BF100400200010014004
:103EA00080B58AB000AF786007F1140300221A6071
:103EB0005A609A60DA601A617B681B681D4A9342F7
:103EC00034D100233B611C4B5B6C1B4A43F0100355
:103ED0005364194B5B6C03F010033B613B69002397
:103EE000FB60154B1B6B144A43F001031363124B29
:103EF0001B6B03F00103FB60FB684FF4C0637B6145
:103F00000223BB610023FB6103233B6207237B6227
:103F100007F114031946094801F036FA002200217E
:103F2000252000F0F8FD252000F011FE00BF283705
:103F3000BD4680BD00100140003802400000024034
:103F400080B483B000AF0346FB71FB791B09DBB281
:103F50001A46920013445B00DAB2FB7903F00F03B8
:103F6000DBB21344DBB218460C37BD465DF8047B68
:103F70007047000080B483B000AF0346FB71FB794B
:103F80000D4AA2FB0323DB08DBB21B0158B2FA790E
:103F9000094BA3FB0213D9080B469B000B445B00A3
:103FA000D31ADBB25BB203435BB2DBB218460C3709
:103FB000BD465DF8047B7047CDCCCCCCDFF834D067
:103FC0000D480E490E4A002302E0D458C450043371
:103FD000C4188C42F9D30B4A0B4C002301E0136048
:103FE0000432A242FBD3FFF7C9FD05F041FDFEF705
:103FF000A5F8704700000220000000208400002087
:1040000014D400088400002068040020FEE70000AB
:1040100080B500AF0E4B1B680D4A43F4007313606C
:104020000B4B1B680A4A43F480631360084B1B6800
:10403000074A43F480731360032000F061FD0F20F2
:1040400000F008F8FFF72EFB0023184680BD00BFE4
:10405000003C024080B582B000AF7860124B1A6815
:10406000124B1B7819464FF47A73B3FBF1F3B2FB92
:10407000F3F3184600F079FD0346002B01D001232D
:104080000EE07B680F2B0AD8002279684FF0FF30D2
:1040900000F041FD064A7B681360002300E0012325
:1040A00018460837BD4680BD140000201C000020C3
:1040B0001800002080B400AF064B1B781A46064B50
:1040C0001B681344044A136000BFBD465DF8047BBF
:1040D000704700BF1C0000205404002080B400AFD3
:1040E000034B1B681846BD465DF8047B704700BF54
:1040F0005404002080B584B000AF7860FFF7EEFF75
:10410000B8607B68FB60FB68B3F1FF3F05D00A4BEA
:104110001B781A46FB681344FB6000BFFFF7DEFF05
:104120000246BB68D31AFA689A42F7D800BF00BFAC
:104130001037BD4680BD00BF1C00002080B584B094
:1041400000AF78600023FB737B68002B01D1012353
:1041500033E07B681B6C002B09D17868FCF7CCFE40
:104160007B6800225A647B68002283F83C207B68CD
:104170001B6C03F01003002B18D17B681B6C23F41D
:10418000885323F0020343F002027B681A647868C4
:1041900000F068FA7B6800225A647B681B6C23F08D
:1041A000030343F001027B681A6401E00123FB73FF
:1041B0007B68002283F83C20FB7B18461037BD4605
:1041C00080BD000080B586B000AFF860B9607A604D
:1041D00000233B61FB6893F83C30012B01D10223A3
:1041E000E9E0FB68012283F83C20FB681B689B68C0
:1041F00003F00103012B18D0FB681B689A68FB6869
:104200001B6842F001029A606D4B1B686D4AA2FB6D
:1042100003239A0C13465B0013443B6102E03B69A5
:10422000013B3B613B69002BF9D1FB681B689B6834
:1042300003F48073B3F5807F07D1FB681B689A682D
:10424000FB681B6822F480729A60FB681B689B689D
:1042500003F00103012B40F0A180FB681B6C23F4E9
:10426000E06323F0010343F48072FB681A64FB6887
:104270001B685B6803F48063002B07D0FB681B6C32
:1042800023F4405343F48052FB681A64FB681B6CB0
:1042900003F48053B3F5805F06D1FB685B6C23F0B9
:1042A0000602FB685A6402E0FB6800225A64FB685D
:1042B000002283F83C20444B7B61FB689B6B434AA4
:1042C000DA63FB689B6B424A1A64FB689B6B414A4A
:1042D000DA64FB681B686FF022021A60FB681B68D7
:1042E0005A68FB681B6842F080625A60FB681B6872
:1042F0009A68FB681B6842F480729A60FB68986B4E
:10430000FB681B684C331946BA687B6800F0E8FC10
:104310007B695B6803F01F03002B2AD1FB681B68D5
:104320002D4A934215D0FB681B682C4A934205D155
:10433000254B5B6803F01F03002B0AD0FB681B684A
:10434000274A934236D1204B5B6803F01003002BC1
:1043500030D1FB681B689B6803F04053002B29D1C8
:10436000FB681B689A68FB681B6842F080429A6091
:1043700020E0FB681B68184A93421BD1FB681B684E
:104380009B6803F04053002B14D1FB681B689A68AC
:10439000FB681B6842F080429A600BE0FB681B6C74
:1043A00043F01002FB681A64FB685B6C43F0010287
:1043B000FB685A64002318461837BD4680BD00BF0D
:1043C0001400002083DE1B43002301405D480008E9
:1043D000174900083349000800200140002101402E
:1043E0000022014080B483B000AF786000BF0C377A
:1043F000BD465DF8047B704780B483B000AF786041
:1044000000BF0C37BD465DF8047B704780B483B0B5
:1044100000AF786000BF0C37BD465DF8047B704785
:1044200080B485B000AF786039600023BB607B68E2
:1044300093F83C30012B01D1022305E17B68012276
:1044400083F83C203B681B68092B25D97B681B68D7
:10445000D9683B681B689BB21A4613465B0013443D
:104460001E3B072202FA03F3DA437B681B680A400B
:10447000DA607B681B68D9683B689A683B681B6890
:104480009BB2184603465B0003441E3B9A407B6880
:104490001B680A43DA6022E07B681B6819693B6885
:1044A0001B689BB21A4613465B001344072202FAAC
:1044B00003F3DA437B681B680A401A617B681B6858
:1044C00019693B689A683B681B689BB218460346AB
:1044D0005B0003449A407B681B680A431A613B688F
:1044E0005B68062B24D87B681B68596B3B685A684D
:1044F00013469B001344053B1F2202FA03F3DA43E1
:104500007B681B680A405A637B681B68596B3B6871
:104510001B689BB218463B685A6813469B001344BD
:10452000053B00FA03F27B681B680A435A634CE0C0
:104530003B685B680C2B24D87B681B68196B3B6855
:104540005A6813469B001344233B1F2202FA03F3CD
:10455000DA437B681B680A401A637B681B68196B27
:104560003B681B689BB218463B685A6813469B0021
:104570001344233B00FA03F27B681B680A431A6367
:1045800023E07B681B68D96A3B685A6813469B0026
:104590001344413B1F2202FA03F3DA437B681B6892
:1045A0000A40DA627B681B68D96A3B681B689BB269
:1045B00018463B685A6813469B001344413B00FA77
:1045C00003F27B681B680A43DA62224BFB607B685C
:1045D0001B68214A934209D13B681B68122B05D105
:1045E000FB685B6843F48002FB685A607B681B6869
:1045F000194A934223D13B681B68102B03D03B68B8
:104600001B68112B1BD1FB685B6843F40002FB683D
:104610005A603B681B68102B11D1104B1B68104A65
:10462000A2FB03239A0C13469B0013445B00BB6060
:1046300002E0BB68013BBB60BB68002BF9D17B6823
:10464000002283F83C20002318461437BD465DF84D
:10465000047B70470023014000200140140000202B
:1046600083DE1B4380B485B000AF7860794BFB607C
:10467000FB685B6823F44032FB685A60FB685A6849
:104680007B685B681A43FB685A607B681B685A68E2
:104690007B681B6822F480725A607B681B685968CB
:1046A0007B681B691A027B681B680A435A607B6837
:1046B0001B685A687B681B6822F040725A607B68EE
:1046C0001B6859687B689A687B681B680A435A6054
:1046D0007B681B689A687B681B6822F400629A609A
:1046E0007B681B6899687B68DA687B681B680A438B
:1046F0009A607B689B6A584A934222D07B681B6809
:104700009A687B681B6822F070629A607B681B68FD
:1047100099687B689A6A7B681B680A439A607B6821
:104720001B689A687B681B6822F040529A607B681D
:104730001B6899687B68DA6A7B681B680A439A6021
:104740000FE07B681B689A687B681B6822F07062C8
:104750009A607B681B689A687B681B6822F04052ED
:104760009A607B681B689A687B681B6822F002026B
:104770009A607B681B6899687B681B7E5A007B681F
:104780001B680A439A607B6893F82030002B1BD08B
:104790007B681B685A687B681B6842F400625A6039
:1047A0007B681B685A687B681B6822F460425A6009
:1047B0007B681B6859687B685B6A013B5A037B68AE
:1047C0001B680A435A6007E07B681B685A687B686D
:1047D0001B6822F400625A607B681B68DA6A7B6897
:1047E0001B6822F47002DA627B681B68D96A7B68F6
:1047F000DB69013B1A057B681B680A43DA627B6848
:104800001B689A687B681B6822F400729A607B6858
:104810001B6899687B6893F830305A027B681B6884
:104820000A439A607B681B689A687B681B6822F45D
:1048300080629A607B681B6899687B685B699A02F2
:104840007B681B680A439A6000BF1437BD465DF859
:10485000047B7047002301400100000F80B584B045
:1048600000AF78607B689B6BFB60FB681B6C03F0A0
:104870005003002B3CD1FB681B6C43F40072FB68B7
:104880001A64FB681B689B6803F04053002B2BD114
:10489000FB681B7E002B27D1FB681B68DB6A03F4D7
:1048A0007003002B06D0FB681B689B6803F48063D1
:1048B000002B19D1FB681B685A68FB681B6822F043
:1048C00020025A60FB681B6C23F48072FB681A6438
:1048D000FB681B6C03F48053002B05D1FB681B6C39
:1048E00043F00102FB681A64F868FFF77BFD0EE0F5
:1048F000FB681B6C03F01003002B03D0F868FFF774
:1049000085FD04E0FB689B6BDB6C7868984700BF13
:104910001037BD4680BD80B584B000AF78607B683D
:104920009B6BFB60F868FFF767FD00BF1037BD4663
:1049300080BD80B584B000AF78607B689B6BFB6006
:10494000FB6840221A64FB685B6C43F00402FB685E
:104950005A64F868FFF75AFD00BF1037BD4680BDA6
:1049600080B485B000AF78607B6803F00703FB601C
:104970000C4BDB68BB60BA684FF6FF031340BB60AB
:10498000FB681A02BB68134343F0BF6343F4003370
:10499000BB60044ABB68D36000BF1437BD465DF8F6
:1049A000047B704700ED00E080B400AF044BDB688F
:1049B0001B0A03F007031846BD465DF8047B7047E9
:1049C00000ED00E080B483B000AF0346FB7197F9BF
:1049D0000730002B0BDBFB7903F01F02074997F927
:1049E00007305B09012000FA02F241F8232000BFE2
:1049F0000C37BD465DF8047B704700BF00E100E066
:104A000080B483B000AF03463960FB7197F907307B
:104A1000002B0ADB3B68DAB20C4997F90730120128
:104A2000D2B20B4483F800230AE03B68DAB20849AB
:104A3000FB7903F00F03043B1201D2B20B441A7648
:104A400000BF0C37BD465DF8047B704700E100E015
:104A500000ED00E080B489B000AFF860B9607A6022
:104A6000FB6803F00703FB61FB69C3F10703042B39
:104A700028BF0423BB61FB690433062B02D9FB6901
:104A8000033B00E000237B614FF0FF32BB6902FA79
:104A900003F3DA43BB681A407B699A404FF0FF3159
:104AA0007B6901FA03F3D9437B680B401343184633
:104AB0002437BD465DF8047B7047000080B582B0A6
:104AC00000AF78607B68013BB3F1807F01D30123A5
:104AD0000FE00A4A7B68013B53600F214FF0FF3023
:104AE000FFF78EFF054B00229A60044B07221A60E5
:104AF000002318460837BD4680BD00BF10E000E027
:104B000080B582B000AF78607868FFF729FF00BFFA
:104B10000837BD4680BD80B586B000AF0346B9609A
:104B20007A60FB7300237B61FFF73EFF78617A6850
:104B3000B9687869FFF78EFF024697F90F30114682
:104B40001846FFF75DFF00BF1837BD4680BD80B532
:104B500082B000AF0346FB7197F907301846FFF7A4
:104B600031FF00BF0837BD4680BD80B582B000AFC1
:104B700078607868FFF7A2FF034618460837BD46FD
:104B800080BD000080B586B000AF786000237B61F7
:104B9000FFF7A4FA38617B68002B01D1012399E06B
:104BA0007B68022283F835207B68002283F834205A
:104BB0007B681B681A687B681B6822F001021A6018
:104BC0000FE0FFF78BFA02463B69D31A052B08D991
:104BD0007B6820225A657B68032283F835200323F3
:104BE00078E07B681B681B6803F00103002BE8D1A9
:104BF0007B681B681B687B617A69384B13407B615B
:104C00007B685A687B689B681A437B68DB681A4339
:104C10007B681B691A437B685B691A437B689B69E5
:104C20001A437B68DB691A437B681B6A13437A6902
:104C300013437B617B685B6A042B07D17B68DA6A6C
:104C40007B681B6B13437A6913437B617B681B682A
:104C50007A691A607B681B685B697B617B6923F0FA
:104C600007037B617B685B6A7A6913437B617B68BE
:104C70005B6A042B17D17B689B6A7A6913437B615B
:104C80007B68DB6A002B0ED0786800F001FB0346DE
:104C9000002B08D07B6840225A657B68012283F88C
:104CA0003520012316E07B681B687A695A617868B1
:104CB00000F0B8FA0346FB607B68DB6D3F229A4048
:104CC000FB689A607B6800225A657B68012283F842
:104CD0003520002318461837BD4680BD3F8010F0B0
:104CE00080B586B000AFF860B9607A603B600023A1
:104CF000FB75FB689B6D3B61FB6893F83430012BBF
:104D000001D1022340E0FB68012283F83420FB68D4
:104D100093F83530DBB2012B2FD1FB68022283F8E8
:104D20003520FB6800225A653B687A68B968F868E4
:104D300000F04AFAFB68DB6D3F229A403B699A60BB
:104D4000FB681B681A68FB681B6842F016021A6051
:104D5000FB681B6C002B07D0FB681B681A68FB689C
:104D60001B6842F008021A60FB681B681A68FB683F
:104D70001B6842F001021A6005E0FB68002283F81C
:104D800034200223FB75FB7D18461837BD4680BDD5
:104D900080B584B000AF78607B689B6DFB60FFF7E7
:104DA0009DF9B8607B6893F83530DBB2022B08D0F0
:104DB0007B6880225A657B68002283F834200123B7
:104DC00052E07B681B681A687B681B6822F0160239
:104DD0001A607B681B685A697B681B6822F0800236
:104DE0005A617B681B6C002B03D17B689B6C002B8A
:104DF00007D07B681B681A687B681B6822F0080272
:104E00001A607B681B681A687B681B6822F00102C5
:104E10001A6013E0FFF762F90246BB68D31A052B4C
:104E20000CD97B6820225A657B68032283F83520E1
:104E30007B68002283F83420032315E07B681B681D
:104E40001B6803F00103002BE4D17B68DB6D3F227C
:104E50009A40FB689A607B68012283F835207B6862
:104E6000002283F83420002318461037BD4680BD49
:104E700080B483B000AF78607B6893F83530DBB2E4
:104E8000022B04D07B6880225A6501230CE07B68EA
:104E9000052283F835207B681B681A687B681B68CD
:104EA00022F001021A60002318460C37BD465DF857
:104EB000047B704780B586B000AF78600023BB608C
:104EC000924B1B68924AA2FB03239B0A7B617B687F
:104ED0009B6D3B613B691B68FB607B68DB6D082257
:104EE0009A40FB681340002B1AD07B681B681B6834
:104EF00003F00403002B13D07B681B681A687B68DF
:104F00001B6822F004021A607B68DB6D08229A405D
:104F10003B699A607B685B6D43F001027B685A6570
:104F20007B68DB6D01229A40FB681340002B12D096
:104F30007B681B685B6903F08003002B0BD07B68E8
:104F4000DB6D01229A403B699A607B685B6D43F0A0
:104F500002027B685A657B68DB6D04229A40FB681D
:104F60001340002B12D07B681B681B6803F0020300
:104F7000002B0BD07B68DB6D04229A403B699A6062
:104F80007B685B6D43F004027B685A657B68DB6D70
:104F900010229A40FB681340002B43D07B681B68AB
:104FA0001B6803F00803002B3CD07B68DB6D1022EC
:104FB0009A403B699A607B681B681B6803F48023F6
:104FC000002B18D07B681B681B6803F40023002BA0
:104FD00008D17B681B6C002B24D07B681B6C786825
:104FE00098471FE07B689B6C002B1BD07B689B6CF9
:104FF0007868984716E07B681B681B6803F4807329
:10500000002B07D17B681B681A687B681B6822F03D
:1050100008021A607B681B6C002B03D07B681B6C3A
:10502000786898477B68DB6D20229A40FB681340C4
:10503000002B00F08E807B681B681B6803F0100358
:10504000002B00F086807B68DB6D20229A403B6954
:105050009A607B6893F83530DBB2052B36D17B68DC
:105060001B681A687B681B6822F016021A607B684E
:105070001B685A697B681B6822F080025A617B6852
:105080001B6C002B03D17B689B6C002B07D07B68CB
:105090001B681A687B681B6822F008021A607B682C
:1050A000DB6D3F229A403B699A607B68012283F85E
:1050B00035207B68002283F834207B681B6D002B31
:1050C0007DD07B681B6D7868984778E07B681B68AB
:1050D0001B6803F48023002B1CD07B681B681B68B3
:1050E00003F40023002B08D17B685B6C002B30D0CD
:1050F0007B685B6C786898472BE07B68DB6B002BE8
:1051000027D07B68DB6B7868984722E0140000208A
:10511000B5814E1B7B681B681B6803F48073002BF2
:105120000FD17B681B681A687B681B6822F010022D
:105130001A607B68012283F835207B68002283F89F
:1051400034207B68DB6B002B03D07B68DB6B7868DB
:1051500098477B685B6D002B32D07B685B6D03F0FA
:105160000103002B22D07B68052283F835207B6861
:105170001B681A687B681B6822F001021A60BB6812
:105180000133BB607A699A4207D37B681B681B684E
:1051900003F00103002BF2D100E000BF7B68012285
:1051A00083F835207B68002283F834207B68DB6C31
:1051B000002B05D07B68DB6C7868984700E000BF67
:1051C0001837BD4680BD00BF80B485B000AFF86021
:1051D000B9607A603B60FB681B681A68FB681B68F3
:1051E00022F480221A60FB681B683A685A60FB68E8
:1051F0009B68402B08D1FB681B687A689A60FB6843
:105200001B68BA68DA6007E0FB681B68BA689A60D6
:10521000FB681B687A68DA6000BF1437BD465DF82A
:10522000047B704780B485B000AF78607B681B68F2
:10523000DBB2103B144AA2FB03231B09FB60134A99
:10524000FB6813441B781A467B68DA65FB68032BFE
:1052500009D97B681B6823F47F7323F003031A1DAD
:105260007B689A6507E07B681B6823F47F7323F0F3
:1052700003037A6893657B689B6D18461437BD46B7
:105280005DF8047B704700BFABAAAAAAC8D3000888
:1052900080B485B000AF78600023FB737B689B6AA5
:1052A000BB607B689B69002B1FD1BB68032B56D862
:1052B00001A252F823F000BFC9520008DB520008D7
:1052C000C95200085F5300087B68DB6A03F08073F3
:1052D000002B46D00123FB7343E07B68DB6AB3F10C
:1052E000C07F40D10123FB733DE07B689B69B3F530
:1052F000005F21D1BB68032B37D801A252F823F0FD
:1053000011530008175300081153000829530008CF
:105310000123FB7330E07B68DB6A03F08073002BB2
:1053200025D00123FB7322E07B68DB6AB3F1C07FE9
:105330001FD10123FB731CE0BB68022B03D9BB68A0
:10534000032B03D018E00123FB7315E07B68DB6AB5
:1053500003F08073002B0ED00123FB730BE000BF22
:105360000AE000BF08E000BF06E000BF04E000BFA5
:1053700002E000BF00E000BFFB7B18461437BD46CB
:105380005DF8047B704700BF80B489B000AF7860DF
:10539000396000237B6100233B610023BB61002354
:1053A000FB616BE10122FB6902FA03F37B613B685D
:1053B0001B687A6913403B613A697B699A4240F005
:1053C0005A813B685B6803F00303012B05D03B68FF
:1053D0005B6803F00303022B30D17B689B68BB61E1
:1053E000FB695B00032202FA03F3DB43BA69134053
:1053F000BB613B68DA68FB695B0002FA03F3BA69D8
:105400001343BB617B68BA699A607B685B68BB6168
:105410000122FB6902FA03F3DB43BA691340BB6163
:105420003B685B681B0903F00102FB6902FA03F3A6
:10543000BA691343BB617B68BA695A603B685B68B1
:1054400003F00303032B17D07B68DB68BB61FB69A8
:105450005B00032202FA03F3DB43BA691340BB612A
:105460003B689A68FB695B0002FA03F3BA6913436D
:10547000BB617B68BA69DA603B685B6803F0030371
:10548000022B23D1FB69DA087B68083253F82230FB
:10549000BB61FB6903F007039B000F2202FA03F3D1
:1054A000DB43BA691340BB613B681A69FB6903F0CF
:1054B00007039B0002FA03F3BA691343BB61FB695C
:1054C000DA087B680832B96943F822107B681B68E8
:1054D000BB61FB695B00032202FA03F3DB43BA6999
:1054E0001340BB613B685B6803F00302FB695B0030
:1054F00002FA03F3BA691343BB617B68BA691A60A5
:105500003B685B6803F44033002B00F0B480002359
:10551000FB60604B5B6C5F4A43F4804353645D4BBC
:105520005B6C03F48043FB60FB685B4AFB699B0890
:10553000023352F82330BB61FB6903F003039B0085
:105540000F2202FA03F3DB43BA691340BB617B68A5
:10555000524A93422BD07B68514A934225D07B68B4
:10556000504A93421FD07B684F4A934219D07B68C0
:105570004E4A934213D07B684D4A93420DD07B68CC
:105580004C4A934207D07B684B4A934201D1072390
:105590000EE008230CE006230AE0052308E00423BC
:1055A00006E0032304E0022302E0012300E00023DD
:1055B000FA6902F0030292009340BA691343BB6197
:1055C0003549FB699B080233BA6941F823203B4BFC
:1055D0001B68BB613B69DB43BA691340BB613B6835
:1055E0005B6803F48033002B03D0BA693B69134333
:1055F000BB61324ABB691360304B5B68BB613B697E
:10560000DB43BA691340BB613B685B6803F400335A
:10561000002B03D0BA693B691343BB61274ABB69BE
:105620005360264B9B68BB613B69DB43BA691340FF
:10563000BB613B685B6803F48013002B03D0BA693D
:105640003B691343BB611D4ABB6993601B4BDB681D
:10565000BB613B69DB43BA691340BB613B685B6874
:1056600003F40013002B03D0BA693B691343BB61F9
:10567000124ABB69D360FB690133FB61FB690F2BE5
:105680007FF690AE00BF00BF2437BD465DF8047BB7
:10569000704700BF0038024000380140000002405F
:1056A0000004024000080240000C024000100240CA
:1056B0000014024000180240001C0240003C01405F
:1056C00080B483B000AF78600B467B8013467B705C
:1056D0007B78002B03D07A887B689A6103E07B8813
:1056E0001A047B689A6100BF0C37BD465DF8047BE5
:1056F0007047000080B584B000AF78607B68002BF5
:1057000001D101232BE17B6893F83D30DBB2002B04
:1057100006D17B68002283F83C207868FBF7FCFF09
:105720007B68242283F83D207B681B681A687B68AD
:105730001B6822F001021A607B681B681A687B688C
:105740001B6842F400421A607B681B681A687B6819
:105750001B6822F400421A6001F0D8FBF8607B68F5
:105760005B68814A934207D8FB68804A934294BFA2
:1057700001230023DBB206E0FB687D4A934294BF1D
:1057800001230023DBB2002B01D00123E7E0FB68FB
:10579000784AA2FB03239B0CBB607B681B685B6899
:1057A00023F03F017B681B68BA680A435A607B6834
:1057B0001B681B6A23F03F017B685B686A4A93425F
:1057C00002D8BB68013309E0BB684FF4967202FB54
:1057D00003F3694AA2FB03239B0901337A68126829
:1057E0000B4313627B681B68DB6923F44F4222F092
:1057F000FF027B685B685C498B4219D8FB68591EC5
:105800007B685B685B00B1FBF3F3591C40F6FC73EB
:105810000B40002B0AD0FB68591E7B685B685B005D
:10582000B1FBF3F30133C3F30B0351E004234FE067
:105830007B689B68002B11D1FB68581E7B685968F8
:105840000B465B000B44B0FBF3F30133C3F30B03D4
:10585000002B0CBF01230023DBB212E0FB68581EB3
:105860007B6859680B469B000B4499000B44B0FBC6
:10587000F3F30133C3F30B03002B0CBF012300230D
:10588000DBB2002B01D0012322E07B689B68002B58
:105890000ED1FB68581E7B6859680B465B000B44B1
:1058A000B0FBF3F30133C3F30B0343F400430FE006
:1058B000FB68581E7B6859680B469B000B44990097
:1058C0000B44B0FBF3F30133C3F30B0343F4404346
:1058D000796809681343CB617B681B681B6823F0F8
:1058E000C0017B68DA697B681B6A1A437B681B68A6
:1058F0000A431A607B681B689B6823F4034323F008
:10590000FF037A6811697A68D26811437A6812686D
:105910000B4393607B681B68DB6823F0FF017B68A7
:105920005A697B689B691A437B681B680A43DA6083
:105930007B681B681A687B681B6842F001021A606A
:105940007B6800221A647B68202283F83D207B68F4
:1059500000221A637B68002283F83E200023184649
:105960001037BD4680BD00BFA08601007F841E00A9
:10597000FF083D0083DE1B43D34D621080B588B025
:1059800002AFF860084611461A4603467B810B4673
:105990003B811346FB80FEF7A1FB7861FB6893F81F
:1059A0003D30DBB2202B40F0D9807B690093192376
:1059B00001226D49F86800F07FFC0346002B01D0FE
:1059C0000223CCE0FB6893F83C30012B01D1022389
:1059D000C5E0FB68012283F83C20FB681B681B685C
:1059E00003F00103012B07D0FB681B681A68FB68F2
:1059F0001B6842F001021A60FB681B681A68FB68AA
:105A00001B6822F400621A60FB68212283F83D20A3
:105A1000FB68402283F83E20FB6800221A64FB6882
:105A20003A6A5A62FB68BA8C5A85FB685B8D9AB2F7
:105A3000FB681A85FB684D4ADA62F8883A897989E9
:105A40007B690193BB6A00930346F86800F0B6FADD
:105A50000346002B52D0012381E07A69B96AF868C5
:105A600000F000FD0346002B0DD0FB681B6C042BDF
:105A700007D1FB681B681A68FB681B6842F4007258
:105A80001A6001236BE0FB685B6A1A78FB681B688D
:105A90001A61FB685B6A5A1CFB685A62FB681B8DC3
:105AA000013B9AB2FB681A85FB685B8D9BB2013B98
:105AB0009AB2FB685A85FB681B685B6903F00403B4
:105AC000042B1BD1FB681B8D002B17D0FB685B6A76
:105AD0001A78FB681B681A61FB685B6A5A1CFB68D2
:105AE0005A62FB681B8D013B9AB2FB681A85FB6802
:105AF0005B8D9BB2013B9AB2FB685A85FB681B8D9C
:105B0000002BAAD17A69B96AF86800F0ECFC034668
:105B1000002B0DD0FB681B6C042B07D1FB681B68A6
:105B20001A68FB681B6842F400721A60012316E0D1
:105B3000FB681B681A68FB681B6842F400721A60F5
:105B4000FB68202283F83D20FB68002283F83E207A
:105B5000FB68002283F83C20002300E00223184663
:105B60001837BD4680BD00BF020010000000FFFFD7
:105B700080B58CB002AFF860084611461A4603465D
:105B80007B810B463B811346FB80FEF7A7FA7862C8
:105B9000FB6893F83D30DBB2202B40F008827B6A33
:105BA0000093192301227B49F86800F085FB034626
:105BB000002B01D00223FBE1FB6893F83C30012B62
:105BC00001D10223F4E1FB68012283F83C20FB6849
:105BD0001B681B6803F00103012B07D0FB681B68DF
:105BE0001A68FB681B6842F001021A60FB681B68B8
:105BF0001A68FB681B6822F400621A60FB682222A4
:105C000083F83D20FB68402283F83E20FB68002299
:105C10001A64FB683A6B5A62FB68BA8E5A85FB6855
:105C20005B8D9AB2FB681A85FB685B4ADA62F8887A
:105C30003A8979897B6A0193BB6B00930346F868C4
:105C400000F052FA0346002B01D00123B0E1FB68BB
:105C50001B8D002B13D100233B62FB681B685B6923
:105C60003B62FB681B689B693B623B6AFB681B6885
:105C70001A68FB681B6842F400721A6084E1FB68D2
:105C80001B8D012B1BD1FB681B681A68FB681B6806
:105C900022F480621A600023FB61FB681B685B6969
:105CA000FB61FB681B689B69FB61FB69FB681B6808
:105CB0001A68FB681B6842F400721A6064E1FB68B2
:105CC0001B8D022B1BD1FB681B681A68FB681B68C5
:105CD00022F480621A60FB681B681A68FB681B6804
:105CE00042F400621A600023BB61FB681B685B69B9
:105CF000BB61FB681B689B69BB61BB6944E1002316
:105D00007B61FB681B685B697B61FB681B689B6947
:105D10007B617B6938E1FB681B8D032B00F2F1800E
:105D2000FB681B8D012B23D17A6AB96BF86800F0F0
:105D30001BFC0346002B01D0012339E1FB681B68E3
:105D40001A69FB685B6AD2B21A70FB685B6A5A1CFC
:105D5000FB685A62FB681B8D013B9AB2FB681A858F
:105D6000FB685B8D9BB2013B9AB2FB685A850BE1E5
:105D7000FB681B8D022B4ED17B6A0093BB6B00220C
:105D80000649F86800F098FA0346002B08D0012372
:105D90000EE100BF020010000000FFFF0400010040
:105DA000FB681B681A68FB681B6842F400721A6083
:105DB000FB681B681A69FB685B6AD2B21A70FB68E1
:105DC0005B6A5A1CFB685A62FB681B8D013B9AB2E6
:105DD000FB681A85FB685B8D9BB2013B9AB2FB683E
:105DE0005A85FB681B681A69FB685B6AD2B21A7035
:105DF000FB685B6A5A1CFB685A62FB681B8D013B9F
:105E00009AB2FB681A85FB685B8D9BB2013B9AB224
:105E1000FB685A85B8E07B6A0093BB6B0022664939
:105E2000F86800F049FA0346002B01D00123BFE0D7
:105E3000FB681B681A68FB681B6822F480621A60A2
:105E4000FB681B681A69FB685B6AD2B21A70FB6850
:105E50005B6A5A1CFB685A62FB681B8D013B9AB255
:105E6000FB681A85FB685B8D9BB2013B9AB2FB68AD
:105E70005A857B6A0093BB6B00224F49F86800F09B
:105E80001BFA0346002B01D0012391E0FB681B683D
:105E90001A68FB681B6842F400721A60FB681B6892
:105EA0001A69FB685B6AD2B21A70FB685B6A5A1C9B
:105EB000FB685A62FB681B8D013B9AB2FB681A852E
:105EC000FB685B8D9BB2013B9AB2FB685A85FB680D
:105ED0001B681A69FB685B6AD2B21A70FB685B6A5E
:105EE0005A1CFB685A62FB681B8D013B9AB2FB6827
:105EF0001A85FB685B8D9BB2013B9AB2FB685A85A1
:105F000042E07A6AB96BF86800F02EFB0346002B7A
:105F100001D001234CE0FB681B681A69FB685B6ACF
:105F2000D2B21A70FB685B6A5A1CFB685A62FB6843
:105F30001B8D013B9AB2FB681A85FB685B8D9BB297
:105F4000013B9AB2FB685A85FB681B685B6903F0EA
:105F50000403042B18D1FB681B681A69FB685B6A91
:105F6000D2B21A70FB685B6A5A1CFB685A62FB6803
:105F70001B8D013B9AB2FB681A85FB685B8D9BB257
:105F8000013B9AB2FB685A85FB681B8D002B7FF49E
:105F9000C2AEFB68202283F83D20FB68002283F814
:105FA0003E20FB68002283F83C20002300E002230F
:105FB00018462837BD4680BD0400010080B588B072
:105FC00002AFF860084611461A4603467B810B462D
:105FD0003B811346FB80FB681B681A68FB681B68E3
:105FE00042F480721A607B6A00933B6A00224FF091
:105FF0000111F86800F060F90346002B0DD0FB6832
:106000001B681B6803F48073B3F5807F03D1FB68C2
:106010004FF400721A6403235FE07B89DBB21A46F7
:10602000FB681B6802F0FE021A617B6A3A6A2D491E
:10603000F86800F098F90346002B01D001234CE0EA
:1060400000237B61FB681B685B697B61FB681B68E5
:106050009B697B617B697A6A396AF86800F002FAA9
:106060000346002B0DD0FB681B6C042B07D1FB688B
:106070001B681A68FB681B6842F400721A600123EF
:106080002BE0FB88012B05D13B89DAB2FB681B684A
:106090001A6121E03B891B0A9BB2DAB2FB681B68DC
:1060A0001A617A6A396AF86800F0DCF90346002B55
:1060B0000DD0FB681B6C042B07D1FB681B681A68AA
:1060C000FB681B6842F400721A60012305E03B89FB
:1060D000DAB2FB681B681A61002318461837BD4600
:1060E00080BD00BF0200010080B588B002AFF8603B
:1060F000084611461A4603467B810B463B811346F0
:10610000FB80FB681B681A68FB681B6842F48062AE
:106110001A60FB681B681A68FB681B6842F480728F
:106120001A607B6A00933B6A00224FF00111F86805
:1061300000F0C2F80346002B0DD0FB681B681B68FB
:1061400003F48073B3F5807F03D1FB684FF40072D2
:106150001A640323AAE07B89DBB21A46FB681B683A
:1061600002F0FE021A617B6A3A6A5249F86800F04E
:10617000FAF80346002B01D0012397E000237B614E
:10618000FB681B685B697B61FB681B689B697B61C3
:106190007B697A6A396AF86800F064F90346002B73
:1061A0000DD0FB681B6C042B07D1FB681B681A68B9
:1061B000FB681B6842F400721A60012376E0FB88DA
:1061C000012B05D13B89DAB2FB681B681A6121E01B
:1061D0003B891B0A9BB2DAB2FB681B681A617A6AB8
:1061E000396AF86800F03EF90346002B0DD0FB68D1
:1061F0001B6C042B07D1FB681B681A68FB681B68C3
:1062000042F400721A60012350E03B89DAB2FB6865
:106210001B681A617A6A396AF86800F023F9034644
:10622000002B0DD0FB681B6C042B07D1FB681B688F
:106230001A68FB681B6842F400721A60012335E09B
:10624000FB681B681A68FB681B6842F480721A605E
:106250007B6A00933B6A00224FF00111F86800F05E
:106260002BF80346002B0DD0FB681B681B6803F45A
:106270008073B3F5807F03D1FB684FF400721A641A
:10628000032313E07B89DBB243F00103DAB2FB683E
:106290001B681A617B6A3A6A0649F86800F063F87D
:1062A0000346002B01D0012300E0002318461837D5
:1062B000BD4680BD0200010080B584B000AFF8602B
:1062C000B9603B601346FB7125E03B68B3F1FF3FCB
:1062D00021D0FDF703FF0246BB69D31A3A689A4200
:1062E00002D33B68002B16D1FB6800221A63FB68BF
:1062F000202283F83D20FB68002283F83E20FB68C3
:106300001B6C43F02002FB681A64FB68002283F8D0
:106310003C20012323E0BB681B0CDBB2012B0DD119
:10632000FB681B685B69DA43BB6813409BB2002BB8
:106330000CBF01230023DBB21A460CE0FB681B688C
:106340009B69DA43BB6813409BB2002B0CBF01234F
:106350000023DBB21A46FB799A42B6D000231846D6
:106360001037BD4680BD80B584B000AFF860B9601D
:106370007A603B6051E0FB681B685B6903F48063F3
:10638000B3F5806F23D1FB681B681A68FB681B6834
:1063900042F400721A60FB681B686FF480625A61F5
:1063A000FB6800221A63FB68202283F83D20FB680B
:1063B000002283F83E20FB681B6C43F00402FB685C
:1063C0001A64FB68002283F83C20012346E07B68C6
:1063D000B3F1FF3F21D0FDF781FE02463B68D31A9F
:1063E0007A689A4202D37B68002B16D1FB680022A0
:1063F0001A63FB68202283F83D20FB68002283F8A3
:106400003E20FB681B6C43F02002FB681A64FB68AB
:10641000002283F83C20012320E0BB681B0CDBB288
:10642000012B0CD1FB681B685B69DA43BB68134026
:106430009BB2002B14BF01230023DBB20BE0FB68EF
:106440001B689B69DA43BB6813409BB2002B14BFE7
:1064500001230023DBB2002B8DD100231846103717
:10646000BD4680BD80B584B000AFF860B9607A6089
:106470002DE0F86800F0CEF80346002B01D0012390
:106480002DE0BB68B3F1FF3F21D0FDF727FE0246A8
:106490007B68D31ABA689A4202D3BB68002B16D124
:1064A000FB6800221A63FB68202283F83D20FB680A
:1064B000002283F83E20FB681B6C43F02002FB683F
:1064C0001A64FB68002283F83C20012307E0FB6884
:1064D0001B685B6903F08003802BCAD10023184638
:1064E0001037BD4680BD80B584B000AFF860B9609C
:1064F0007A602DE0F86800F08DF80346002B01D09B
:1065000001232DE0BB68B3F1FF3F21D0FDF7E6FD8D
:1065100002467B68D31ABA689A4202D3BB68002B42
:1065200016D1FB6800221A63FB68202283F83D2005
:10653000FB68002283F83E20FB681B6C43F02002BE
:10654000FB681A64FB68002283F83C20012307E003
:10655000FB681B685B6903F00403042BCAD10023AA
:1065600018461037BD4680BD80B584B000AFF860D6
:10657000B9607A6042E0FB681B685B6903F0100356
:10658000102B19D1FB681B686FF010025A61FB6871
:1065900000221A63FB68202283F83D20FB6800225A
:1065A00083F83E20FB681A6CFB681A64FB680022C3
:1065B00083F83C20012329E0FDF790FD02467B682B
:1065C000D31ABA689A4202D3BB68002B16D1FB6873
:1065D00000221A63FB68202283F83D20FB6800221A
:1065E00083F83E20FB681B6C43F02002FB681A64B2
:1065F000FB68002283F83C20012307E0FB681B684E
:106600005B6903F04003402BB5D1002318461037D7
:10661000BD4680BD80B483B000AF78607B681B68E6
:106620005B6903F48063B3F5806F1BD17B681B68E3
:106630006FF480625A617B6800221A637B682022B3
:1066400083F83D207B68002283F83E207B681B6C2A
:1066500043F004027B681A647B68002283F83C20C4
:10666000012300E0002318460C37BD465DF8047B8B
:106670007047000080B586B000AF78607B68002B63
:1066800001D1012364E27B681B6803F00103002B46
:1066900075D0A34B9B6803F00C03042B0CD0A04BCC
:1066A0009B6803F00C03082B12D19D4B5B6803F42D
:1066B0008003B3F5800F0BD1994B1B6803F40033B3
:1066C000002B5BD07B685B68002B57D101233FE236
:1066D0007B685B68B3F5803F06D1914B1B68904A9D
:1066E00043F4803313601DE07B685B68B3F5A02F33
:1066F0000CD18B4B1B688A4A43F480231360884B70
:106700001B68874A43F4803313600BE0844B1B689B
:10671000834A23F480331360814B1B68804A23F43F
:10672000802313607B685B68002B13D0FDF7D6FCD9
:10673000386108E0FDF7D2FC02463B69D31A642BAE
:1067400001D9032304E2764B1B6803F40033002BCA
:10675000F0D014E0FDF7C2FC386108E0FDF7BEFCA4
:1067600002463B69D31A642B01D90323F0E16C4B39
:106770001B6803F40033002BF0D100E000BF7B68FE
:106780001B6803F00203002B63D0654B9B6803F08A
:106790000C03002B0BD0624B9B6803F00C03082BFF
:1067A0001CD15F4B5B6803F48003002B16D15C4B5C
:1067B0001B6803F00203002B05D07B68DB68012B0C
:1067C00001D00123C4E1564B1B6823F0F8027B681B
:1067D0001B69DB00524913430B603AE07B68DB68BE
:1067E000002B20D04F4B01221A60FDF777FC386157
:1067F00008E0FDF773FC02463B69D31A022B01D96E
:106800000323A5E1464B1B6803F00203002BF0D0E5
:10681000434B1B6823F0F8027B681B69DB0040498F
:1068200013430B6015E03F4B00221A60FDF756FC46
:10683000386108E0FDF752FC02463B69D31A022B8F
:1068400001D9032384E1364B1B6803F00203002BBC
:10685000F0D17B681B6803F00803002B30D07B6805
:106860005B69002B16D0304B01221A60FDF736FC15
:10687000386108E0FDF732FC02463B69D31A022B6F
:1068800001D9032364E1264B5B6F03F00203002B65
:10689000F0D015E0244B00221A60FDF71FFC386190
:1068A00008E0FDF71BFC02463B69D31A022B01D915
:1068B00003234DE11A4B5B6F03F00203002BF0D171
:1068C0007B681B6803F00403002B00F0A08000230A
:1068D000FB75134B1B6C03F08053002B0FD100236F
:1068E000BB600F4B1B6C0E4A43F0805313640C4B80
:1068F0001B6C03F08053BB60BB680123FB750B4B23
:106900001B6803F48073002B21D1084B1B68074AD6
:1069100043F480731360FDF7E1FB386111E000BFC1
:106920000038024000004742800E4742007000409D
:10693000FDF7D4FB02463B69D31A022B01D903238E
:1069400006E1854B1B6803F48073002BF0D07B6855
:106950009B68012B06D1814B1B6F804A43F00103DA
:1069600013671CE07B689B68052B0CD17B4B1B6F6E
:106970007A4A43F004031367784B1B6F774A43F05E
:10698000010313670BE0754B1B6F744A23F001037F
:106990001367724B1B6F714A23F0040313677B6804
:1069A0009B68002B15D0FDF799FB38610AE0FDF7D5
:1069B00095FB02463B69D31A41F28832934201D9D2
:1069C0000323C5E0654B1B6F03F00203002BEED0E1
:1069D00014E0FDF783FB38610AE0FDF77FFB024618
:1069E0003B69D31A41F28832934201D90323AFE0C5
:1069F0005A4B1B6F03F00203002BEED1FB7D012BE2
:106A000005D1564B1B6C554A23F0805313647B68A9
:106A10009B69002B00F09B80504B9B6803F00C039C
:106A2000082B5CD07B689B69022B41D14C4B002228
:106A30001A60FDF753FB386108E0FDF74FFB024693
:106A40003B69D31A022B01D9032381E0434B1B6816
:106A500003F00073002BF0D17B68DA697B681B6A56
:106A60001A437B685B6A9B011A437B689B6A5B08DD
:106A7000013B1B041A437B68DB6A1B06374913433F
:106A80004B60374B01221A60FDF728FB386108E0A4
:106A9000FDF724FB02463B69D31A022B01D90323DD
:106AA00056E02E4B1B6803F00073002BF0D04EE035
:106AB0002B4B00221A60FDF711FB386108E0FDF74F
:106AC0000DFB02463B69D31A022B01D903233FE099
:106AD000224B1B6803F00073002BF0D137E07B687A
:106AE0009B69012B01D1012332E01C4B5B68FB60E9
:106AF0007B689B69012B28D0FB6803F480027B68CC
:106B0000DB699A4221D1FB6803F03F027B681B6A74
:106B10009A421AD1FA6847F6C07313407A68526AEB
:106B20009201934211D1FB6803F440327B689B6A67
:106B30005B08013B1B049A4207D1FB6803F07062BB
:106B40007B68DB6A1B069A4201D0012300E0002328
:106B500018461837BD4680BD00700040003802401E
:106B60006000474280B584B000AF786039607B68D0
:106B7000002B01D10123CCE0684B1B6803F0070315
:106B80003A689A420CD9654B3A68D2B21A70634B94
:106B90001B6803F007033A689A4201D00123B8E06A
:106BA0007B681B6803F00203002B20D07B681B6806
:106BB00003F00403002B05D0594B9B68584A43F45B
:106BC000E05393607B681B6803F00803002B05D03B
:106BD000534B9B68524A43F460439360504B9B680D
:106BE00023F0F0027B689B684D4913438B607B6800
:106BF0001B6803F00103002B44D07B685B68012B0A
:106C000007D1474B1B6803F40033002B19D1012334
:106C10007FE07B685B68022B03D07B685B68032B9B
:106C200007D13F4B1B6803F00073002B09D10123F0
:106C30006FE03B4B1B6803F00203002B01D10123E3
:106C400067E0374B9B6823F003027B685B6834493D
:106C500013438B60FDF742FAF8600AE0FDF73EFA55
:106C60000246FB68D31A41F28832934201D90323CA
:106C70004FE02B4B9B6803F00C027B685B689B002A
:106C80009A42EBD1254B1B6803F007033A689A42FE
:106C90000CD2224B3A68D2B21A70204B1B6803F018
:106CA00007033A689A4201D0012332E07B681B68EF
:106CB00003F00403002B08D0194B9B6823F4E05227
:106CC0007B68DB68164913438B607B681B6803F0A5
:106CD0000803002B09D0124B9B6823F460427B68A9
:106CE0001B69DB000E4913438B6000F021F802465C
:106CF0000B4B9B681B0903F00F030A49CB5C22FA7C
:106D000003F3094A1360094B1B681846FDF7A2F903
:106D1000002318461037BD4680BD00BF003C02402E
:106D200000380240B0D300081400002018000020F2
:106D30002DE9B04384B000AF00237B600023FB60EB
:106D400000233B600023BB60674B9B6803F00C0390
:106D5000082B0DD0082B00F2BD80002B02D0042B95
:106D600003D0B7E0614BBB60B7E0614BBB60B4E000
:106D70005D4B5B6803F03F037B605B4B5B6803F438
:106D80008003002B4DD0584B5B689B091A464FF08F
:106D9000000340F2FF104FF0000102EA000803EA8E
:106DA0000109404649464FF000024FF000034B01F5
:106DB00043EAD063420110461946B0EB080061EB8C
:106DC00009014FF000024FF000038B0143EA90638A
:106DD0008201121A63EB01034FF000004FF0000133
:106DE000D90041EA5271D00002460B4612EB08026C
:106DF00043EB09034FF000004FF00001590241EA54
:106E0000D251500202460B46104619467B681A467C
:106E10004FF00003F9F76AFE02460B461346FB608B
:106E20004AE0314B5B689B091A464FF0000340F281
:106E3000FF104FF0000102EA000403EA01052046BA
:106E400029464FF000024FF000034B0143EAD063A4
:106E5000420110461946001B61EB05014FF000028C
:106E60004FF000038B0143EA90638201121A63EB37
:106E700001034FF000004FF00001D90041EA5271C8
:106E8000D00002460B46121945EB03034FF00000F9
:106E90004FF00001990241EA9251900202460B46DE
:106EA000104619467B681A464FF00003F9F71EFE9C
:106EB00002460B461346FB600B4B5B681B0C03F052
:106EC000030301335B003B60FA683B68B2FBF3F3FA
:106ED000BB6002E0054BBB6000BFBB6818461037C3
:106EE000BD46BDE8B08300BF003802400024F40076
:106EF00000127A0080B400AF034B1B681846BD46F1
:106F00005DF8047B704700BF1400002080B500AF1F
:106F1000FFF7F0FF0246054B9B689B0A03F007034F
:106F20000349CB5C22FA03F3184680BD00380240C7
:106F3000C0D3000880B500AFFFF7DCFF0246054B69
:106F40009B685B0B03F007030349CB5C22FA03F356
:106F5000184680BD00380240C0D3000880B582B01A
:106F600000AF78607B68002B01D101237BE07B6858
:106F70005B6A002B08D17B685B68B3F5827F09D020
:106F80007B680022DA6105E07B6800221A617B6879
:106F900000225A617B6800229A627B6893F8513024
:106FA000DBB2002B06D17B68002283F85020786882
:106FB000FCF730FB7B68022283F851207B681B685A
:106FC0001A687B681B6822F040021A607B685B6865
:106FD00003F482727B689B6803F404431A437B6862
:106FE000DB6803F400631A437B681B6903F0020348
:106FF0001A437B685B6903F001031A437B689B6952
:1070000003F400731A437B68DB6903F038031A4307
:107010007B681B6A03F0800342EA03017B689B6A7A
:1070200003F400527B681B680A431A607B689B6903
:107030001B0C03F004017B685B6A03F010027B68A1
:107040001B680A435A607B681B68DA697B681B68A7
:1070500022F40062DA617B6800225A657B680122B3
:1070600083F85120002318460837BD4680BD80B5FF
:1070700088B002AFF860B9603B601346FB80002324
:10708000FB75FB685B68B3F5827F12D1FB689B6878
:10709000002B0ED1FB68042283F85120FA883B684C
:1070A00000931346BA68B968F86800F0F1F803462F
:1070B000EAE0FB6893F85030012B01D10223E3E0B2
:1070C000FB68012283F85020FDF708F83861FB685F
:1070D00093F85130DBB2012B02D00223FB75CAE0DA
:1070E000BB68002B02D0FB88002B02D10123FB756B
:1070F000C1E0FB68042283F85120FB6800225A6536
:10710000FB68BA689A63FB68FA889A87FB68FA8812
:10711000DA87FB6800221A63FB6800229A86FB6804
:107120000022DA86FB6800221A64FB6800225A6497
:10713000FB689B68B3F5004F0FD1FB681B681A68AA
:10714000FB681B6822F040021A60FB681B681A6823
:10715000FB681B6822F480421A60FB681B681B688E
:1071600003F04003402B07D0FB681B681A68FB68DC
:107170001B6842F040021A60FB68DB68002B62D19A
:107180002EE0FB681B689B6803F00103012B15D1FF
:10719000FB681B6803F10C02FB689B6B1278D2B290
:1071A0001A70FB689B6B5A1CFB689A63FB68DB8F49
:1071B0009BB2013B9AB2FB68DA8711E0FCF78EFFC5
:1071C00002463B69D31A3A689A4203D83B68B3F146
:1071D000FF3F02D13B68002B02D10323FB754AE03D
:1071E000FB68DB8F9BB2002BCBD131E0FB681B68C7
:1071F0009B6803F00103012B13D1FB681B68DA685D
:10720000FB689B6B92B21A80FB689B6B9A1CFB68B5
:107210009A63FB68DB8F9BB2013B9AB2FB68DA870B
:1072200011E0FCF75BFF02463B69D31A3A689A42C9
:1072300003D83B68B3F1FF3F02D13B68002B02D17A
:107240000323FB7517E0FB68DB8F9BB2002BCDD1CE
:107250003A693968F86800F045FA0346002B02D015
:10726000FB6820225A65FB685B6D002B02D001236E
:10727000FB7500E000BFFB68012283F85120FB682A
:10728000002283F85020FB7D18461837BD4680BD8C
:1072900080B58CB000AFF860B9607A607B80012364
:1072A000FB62002387F82B30FB6893F85030012BEA
:1072B00001D102238AE1FB68012283F85020FCF708
:1072C0000DFF7862FB6893F8513087F82330FB6834
:1072D0005B68FB617B887B8397F82330012B0FD0A1
:1072E000FB69B3F5827F07D1FB689B68002B03D154
:1072F00097F82330042B03D0022387F82B305BE16F
:10730000BB68002B05D07B68002B02D07B88002B4C
:1073100003D1012387F82B304EE1FB6893F85130FD
:10732000DBB2042B03D0FB68052283F85120FB68F5
:1073300000225A65FB687A689A63FB687A88DA8764
:10734000FB687A889A87FB68BA681A63FB687A8850
:10735000DA86FB687A889A86FB6800221A64FB68E2
:1073600000225A64FB681B681B6803F04003402B33
:1073700007D0FB681B681A68FB681B6842F0400274
:107380001A60FB68DB68B3F5006F78D1FB685B6857
:10739000002B02D07B8B012B66D1FB681B6B1A88FC
:1073A000FB681B68DA60FB681B6B9A1CFB681A633E
:1073B000FB68DB8E9BB2013B9AB2FB68DA8653E036
:1073C000FB681B689B6803F00203022B1BD1FB6860
:1073D000DB8E9BB2002B16D0FB6A012B13D1FB680E
:1073E0001B6B1A88FB681B68DA60FB681B6B9A1CB6
:1073F000FB681A63FB68DB8E9BB2013B9AB2FB68A9
:10740000DA860023FB62FB681B689B6803F00103BC
:10741000012B19D1FB68DB8F9BB2002B14D0FB68CA
:107420001B68DA68FB689B6B92B21A80FB689B6BE7
:107430009A1CFB689A63FB68DB8F9BB2013B9AB294
:10744000FB68DA870123FB62FCF748FE02467B6A91
:10745000D31ABA6B9A4207D8BB6BB3F1FF3F03D084
:10746000032387F82B30A7E0FB68DB8E9BB2002B51
:10747000A6D1FB68DB8F9BB2002BA1D17CE0FB681F
:107480005B68002B02D07B8B012B6BD1FB681A6BE6
:10749000FB681B680C3312781A70FB681B6B5A1C54
:1074A000FB681A63FB68DB8E9BB2013B9AB2FB68F8
:1074B000DA8657E0FB681B689B6803F00203022B27
:1074C0001CD1FB68DB8E9BB2002B17D0FB6A012B13
:1074D00014D1FB681A6BFB681B680C3312781A70A6
:1074E000FB681B6B5A1CFB681A63FB68DB8E9BB244
:1074F000013B9AB2FB68DA860023FB62FB681B68DB
:107500009B6803F00103012B19D1FB68DB8F9BB251
:10751000002B14D0FB681B68DA68FB689B6BD2B247
:107520001A70FB689B6B5A1CFB689A63FB68DB8FC5
:107530009BB2013B9AB2FB68DA870123FB62FCF73E
:10754000CDFD02467B6AD31ABA6B9A4203D8BB6B55
:10755000B3F1FF3F02D1BB6B002B03D1032387F8AC
:107560002B3029E0FB68DB8E9BB2002BA2D1FB689D
:10757000DB8F9BB2002B9DD17A6AB96BF86800F063
:1075800017F90346002B06D0012387F82B30FB6840
:1075900020225A6510E0FB689B68002B0BD100236A
:1075A0007B61FB681B68DB687B61FB681B689B6811
:1075B0007B617B6900E000BFFB68012283F85120FA
:1075C000FB68002283F8502097F82B30184630379C
:1075D000BD4680BD80B588B000AFF860B9603B6043
:1075E0001346FB71FCF77AFD0246BB6A9B1A3A68A8
:1075F0001344FB61FCF772FDB861394B1B685B01FA
:107600001B0DFA6902FB03F37B6154E03B68B3F1A5
:10761000FF3F50D0FCF762FD0246BB69D31AFA69FE
:107620009A4202D9FB69002B3DD1FB681B685A685E
:10763000FB681B6822F0E0025A60FB685B68B3F5E8
:10764000827F11D1FB689B68B3F5004F04D0FB68C3
:107650009B68B3F5806F07D1FB681B681A68FB68ED
:107660001B6822F040021A60FB689B6AB3F5005F5A
:107670000FD1FB681B681A68FB681B6822F4005274
:107680001A60FB681B681A68FB681B6842F40052AA
:107690001A60FB68012283F85120FB68002283F8FE
:1076A0005020032317E07B69002B01D10023FB61ED
:1076B0007B69013B7B61FB681B689A68BB68134070
:1076C000BA689A420CBF01230023DBB21A46FB7949
:1076D0009A429BD1002318462037BD4680BD00BF8B
:1076E0001400002080B586B002AFF860B9607A60FF
:1076F000FB685B68B3F5827F11D1FB689B68B3F5CB
:10770000004F04D0FB689B68B3F5806F07D1FB681E
:107710001B681A68FB681B6822F040021A60FB684D
:107720005B68B3F5827F2AD1FB689B68B3F5806FF5
:1077300012D07B680093BB6800228021F868FFF7B5
:1077400049FF0346002B2DD0FB685B6D43F0200200
:10775000FB685A65032326E07B680093BB68002220
:107760000121F868FFF736FF0346002B1AD0FB68AB
:107770005B6D43F02002FB685A65032313E07B68CE
:107780000093BB6800220121F868FFF723FF03463E
:10779000002B07D0FB685B6D43F02002FB685A6545
:1077A000032300E0002318461037BD4680BD0000CB
:1077B00080B588B002AFF860B9607A601B4B1B6877
:1077C0001B4AA2FB03235B0D4FF47A7202FB03F307
:1077D0007B61FB685B68B3F5827F12D17B680093A5
:1077E000BB6800228021F868FFF7F4FE0346002BF7
:1077F00016D0FB685B6D43F02002FB685A650323DB
:107800000FE07B69002B0AD07B69013B7B61FB6841
:107810001B689B6803F08003802BF2D000E000BF60
:10782000002318461837BD4680BD00BF1400002055
:10783000819F5E1680B584B000AFF860B9607A6051
:10784000FB68002B01D1012334E0FB6893F8493039
:10785000DBB2002B06D1FB68002283F84820F868D1
:10786000F9F71CFEFB681A68FB68083319461046D6
:1078700002F028F8FB681868FB689B681A46B9682C
:1078800002F072F8FB685868FB689A68FB681B6B2B
:10789000796802F0A7F8FB681B68FA68926853F8E9
:1078A0002210FB681B68FA68926841F0010143F8F6
:1078B0002210002318461037BD4680BD80B582B027
:1078C00000AF78607B68002B01D1012341E07B6829
:1078D00093F83D30DBB2002B06D17B68002283F8A1
:1078E0003C207868FCF7F6F97B68022283F83D209B
:1078F0007B681A687B6804331946104600F07AFCEE
:107900007B68012283F846207B68012283F83E20B1
:107910007B68012283F83F207B68012283F84020A6
:107920007B68012283F841207B68012283F8422092
:107930007B68012283F843207B68012283F844207E
:107940007B68012283F845207B68012283F83D2073
:10795000002318460837BD4680BD000080B485B0BE
:1079600000AF78607B6893F83D30DBB2012B01D02B
:1079700001234EE07B68022283F83D207B681B6870
:10798000DA687B681B6842F00102DA607B681B687A
:10799000234A934222D07B681B68B3F1804F1DD0ED
:1079A0007B681B681F4A934218D07B681B681E4A7D
:1079B000934213D07B681B681C4A93420ED07B68AD
:1079C0001B681B4A934209D07B681B68194A934283
:1079D00004D07B681B68184A934211D17B681B68EE
:1079E0009B6803F00703FB60FB68062B10D07B68E5
:1079F0001B681A687B681B6842F001021A6007E086
:107A00007B681B681A687B681B6842F001021A6079
:107A1000002318461437BD465DF8047B704700BF4D
:107A2000000001400004004000080040000C00403D
:107A300000040140004001400018004080B582B0C1
:107A400000AF78607B68002B01D1012341E07B68A7
:107A500093F83D30DBB2002B06D17B68002283F81F
:107A60003C20786800F039F87B68022283F83D20DA
:107A70007B681A687B6804331946104600F0BAFB2D
:107A80007B68012283F846207B68012283F83E2030
:107A90007B68012283F83F207B68012283F8402025
:107AA0007B68012283F841207B68012283F8422011
:107AB0007B68012283F843207B68012283F84420FD
:107AC0007B68012283F845207B68012283F83D20F2
:107AD000002318460837BD4680BD80B483B000AF90
:107AE000786000BF0C37BD465DF8047B704700002E
:107AF00080B584B000AF786039603B68002B09D155
:107B00007B6893F83E30DBB2012B14BF01230023C6
:107B1000DBB222E03B68042B09D17B6893F83F304D
:107B2000DBB2012B14BF01230023DBB215E03B685D
:107B3000082B09D17B6893F84030DBB2012B14BFCE
:107B400001230023DBB208E07B6893F84130DBB20D
:107B5000012B14BF01230023DBB2002B01D0012332
:107B60007CE03B68002B04D17B68022283F83E2036
:107B700013E03B68042B04D17B68022283F83F208A
:107B80000BE03B68082B04D17B68022283F840207D
:107B900003E07B68022283F841207B681B68012296
:107BA0003968184600F010FE7B681B682D4A934226
:107BB00004D07B681B682C4A934201D1012300E06A
:107BC0000023002B07D07B681B685A6C7B681B68FE
:107BD00042F400425A647B681B68224A934222D0D6
:107BE0007B681B68B3F1804F1DD07B681B681F4A00
:107BF000934218D07B681B681D4A934213D07B6860
:107C00001B681C4A93420ED07B681B68164A93423D
:107C100009D07B681B68184A934204D07B681B68B4
:107C2000164A934211D17B681B689B6803F00703D7
:107C3000FB60FB68062B10D07B681B681A687B68AA
:107C40001B6842F001021A6007E07B681B681A6833
:107C50007B681B6842F001021A6000231846103747
:107C6000BD4680BD0000014000040140000400400A
:107C700000080040000C0040004001400018004097
:107C800080B582B000AF78607B681B681B6903F029
:107C90000203022B22D17B681B68DB6803F002031E
:107CA000022B1BD17B681B686FF002021A617B6894
:107CB00001221A777B681B689B6903F00303002B82
:107CC00003D0786800F077FA05E0786800F069FA88
:107CD000786800F07AFA7B6800221A777B681B6864
:107CE0001B6903F00403042B22D17B681B68DB684B
:107CF00003F00403042B1BD17B681B686FF00402A4
:107D00001A617B6802221A777B681B689B6903F4FF
:107D10004073002B03D0786800F04DFA05E07868D6
:107D200000F03FFA786800F050FA7B6800221A777A
:107D30007B681B681B6903F00803082B22D17B6852
:107D40001B68DB6803F00803082B1BD17B681B68EA
:107D50006FF008021A617B6804221A777B681B683F
:107D6000DB6903F00303002B03D0786800F023FAEB
:107D700005E0786800F015FA786800F026FA7B686C
:107D800000221A777B681B681B6903F01003102B15
:107D900022D17B681B68DB6803F01003102B1BD11A
:107DA0007B681B686FF010021A617B6808221A77E3
:107DB0007B681B68DB6903F44073002B03D0786891
:107DC00000F0F9F905E0786800F0EBF9786800F068
:107DD000FCF97B6800221A777B681B681B6903F03B
:107DE0000103012B0ED17B681B68DB6803F00103E4
:107DF000012B07D17B681B686FF001021A6178685C
:107E0000FBF754FB7B681B681B6903F08003802B26
:107E10000ED17B681B68DB6803F08003802B07D1E1
:107E20007B681B686FF080021A61786800F078FD4B
:107E30007B681B681B6903F04003402B0ED17B68F5
:107E40001B68DB6803F04003402B07D17B681B688D
:107E50006FF040021A61786800F0C1F97B681B6816
:107E60001B6903F02003202B0ED17B681B68DB68A5
:107E700003F02003202B07D17B681B686FF02002E2
:107E80001A61786800F042FD00BF0837BD4680BD2A
:107E900080B586B000AFF860B9607A600023FB75EA
:107EA000FB6893F83C30012B01D10223AEE0FB6864
:107EB000012283F83C207B680C2B00F29F8001A2FA
:107EC00052F823F0F97E0008FD7F0008FD7F0008CE
:107ED000FD7F0008397F0008FD7F0008FD7F000856
:107EE000FD7F00087B7F0008FD7F0008FD7F000804
:107EF000FD7F0008BB7F0008FB681B68B968184657
:107F000000F018FAFB681B689A69FB681B6842F06E
:107F100008029A61FB681B689A69FB681B6822F07B
:107F200004029A61FB681B689969BB681A69FB685F
:107F30001B680A439A6164E0FB681B68B9681846CD
:107F400000F068FAFB681B689A69FB681B6842F4DA
:107F500000629A61FB681B689A69FB681B6822F4DF
:107F600080629A61FB681B689969BB681B691A0289
:107F7000FB681B680A439A6143E0FB681B68B968A9
:107F8000184600F0BDFAFB681B68DA69FB681B68DD
:107F900042F00802DA61FB681B68DA69FB681B685B
:107FA00022F00402DA61FB681B68D969BB681A69B0
:107FB000FB681B680A43DA6123E0FB681B68B96849
:107FC000184600F011FBFB681B68DA69FB681B6848
:107FD00042F40062DA61FB681B68DA69FB681B68BF
:107FE00022F48062DA61FB681B68D969BB681B698F
:107FF0001A02FB681B680A43DA6102E00123FB7581
:1080000000BFFB68002283F83C20FB7D1846183730
:10801000BD4680BD80B584B000AF78603960002374
:10802000FB737B6893F83C30012B01D10223B4E051
:108030007B68012283F83C207B68022283F83D2084
:108040007B681B689B68BB60BB6823F07703BB60E1
:10805000BB6823F47F43BB607B681B68BA689A6087
:108060003B681B68B3F5005F3ED0B3F5005F00F2DC
:108070008780B3F5805F00F08680B3F5805F7FD89E
:10808000702B1AD0702B7BD8602B50D0602B77D8F8
:10809000502B3CD0502B73D8402B58D0402B6FD84E
:1080A000302B64D0302B6BD8202B60D0202B67D89E
:1080B000002B5CD0102B5AD062E07B6818683B68BC
:1080C00099683B685A683B68DB6800F05DFB7B6839
:1080D0001B689B68BB60BB6843F07703BB607B6831
:1080E0001B68BA689A604FE07B6818683B689968BB
:1080F0003B685A683B68DB6800F046FB7B681B689E
:108100009A687B681B6842F480429A603CE07B6816
:1081100018683B6859683B68DB681A4600F0BAFA91
:108120007B681B685021184600F013FB2CE07B682D
:1081300018683B6859683B68DB681A4600F0D9FA52
:108140007B681B686021184600F003FB1CE07B681D
:1081500018683B6859683B68DB681A4600F09AFA71
:108160007B681B684021184600F0F3FA0CE07B683E
:108170001A683B681B681946104600F0EAFA03E0EB
:108180000123FB7300E000BF7B68012283F83D20E0
:108190007B68002283F83C20FB7B18461037BD46E5
:1081A00080BD80B483B000AF786000BF0C37BD469F
:1081B0005DF8047B704780B483B000AF786000BF87
:1081C0000C37BD465DF8047B704780B483B000AFC8
:1081D000786000BF0C37BD465DF8047B704780B403
:1081E00083B000AF786000BF0C37BD465DF8047BFC
:1081F0007047000080B485B000AF786039607B685C
:108200001B68FB607B68404A934213D07B68B3F1E4
:10821000804F0FD07B683D4A93420BD07B683C4A2D
:10822000934207D07B683B4A934203D07B683A4A2B
:10823000934208D1FB6823F07003FB603B685B68E6
:10824000FA681343FB607B682F4A93422BD07B680C
:10825000B3F1804F27D07B682C4A934223D07B68B0
:108260002B4A93421FD07B682A4A93421BD07B68DB
:10827000294A934217D07B68284A934213D07B68DF
:10828000274A93420FD07B68264A93420BD07B68E3
:10829000254A934207D07B68244A934203D07B68E7
:1082A000234A934208D1FB6823F44073FB603B6888
:1082B000DB68FA681343FB60FB6823F080023B68CD
:1082C0005B691343FB607B68FA681A603B689A68D5
:1082D0007B68DA623B681A687B689A627B680A4A44
:1082E000934203D07B680C4A934203D13B681A69DE
:1082F0007B681A637B6801225A6100BF1437BD4650
:108300005DF8047B704700BF00000140000400409E
:1083100000080040000C0040000401400040014003
:10832000004401400048014000180040001C00408B
:108330000020004080B487B000AF786039607B686F
:108340001B6A23F001027B681A627B681B6A7B61EF
:108350007B685B683B617B689B69FB60FB6823F023
:108360007003FB60FB6823F00303FB603B681B6842
:10837000FA681343FB607B6923F002037B613B686F
:108380009B687A6913437B617B68204A934203D0E0
:108390007B681F4A93420CD17B6923F008037B6101
:1083A0003B68DB687A6913437B617B6923F00403D4
:1083B0007B617B68154A934203D07B68144A9342E1
:1083C00011D13B6923F480733B613B6923F4007353
:1083D0003B613B685B693A6913433B613B689B695E
:1083E0003A6913433B617B683A695A607B68FA6873
:1083F0009A613B685A687B685A637B687A691A623B
:1084000000BF1C37BD465DF8047B7047000001408B
:108410000004014080B487B000AF786039607B68A9
:108420001B6A23F010027B681A627B681B6A7B61FF
:108430007B685B683B617B689B69FB60FB6823F43E
:10844000E043FB60FB6823F44073FB603B681B6800
:108450001B02FA681343FB607B6923F020037B61F6
:108460003B689B681B017A6913437B617B68224AE6
:10847000934203D07B68214A93420DD17B6923F05C
:1084800080037B613B68DB681B017A6913437B6176
:108490007B6923F040037B617B68174A934203D0DA
:1084A0007B68164A934213D13B6923F480633B6196
:1084B0003B6923F400633B613B685B699B003A695D
:1084C00013433B613B689B699B003A6913433B61E3
:1084D0007B683A695A607B68FA689A613B685A68B7
:1084E0007B689A637B687A691A6200BF1C37BD4655
:1084F0005DF8047B704700BF0000014000040140AC
:1085000080B487B000AF786039607B681B6A23F461
:1085100080727B681A627B681B6A7B617B685B6820
:108520003B617B68DB69FB60FB6823F07003FB60E9
:10853000FB6823F00303FB603B681B68FA68134386
:10854000FB607B6923F400737B613B689B681B02C3
:108550007A6913437B617B68214A934203D07B682D
:10856000204A93420DD17B6923F400637B613B6811
:10857000DB681B027A6913437B617B6923F48063A8
:108580007B617B68164A934203D07B68154A93420D
:1085900013D13B6923F480533B613B6923F40053BF
:1085A0003B613B685B691B013A6913433B613B6874
:1085B0009B691B013A6913433B617B683A695A60C6
:1085C0007B68FA68DA613B685A687B68DA637B68C3
:1085D0007A691A6200BF1C37BD465DF8047B70479C
:1085E000000001400004014080B487B000AF786013
:1085F00039607B681B6A23F480527B681A627B684F
:108600001B6A3B617B685B687B617B68DB69FB6045
:10861000FB6823F4E043FB60FB6823F44073FB60DA
:108620003B681B681B02FA681343FB603B6923F439
:1086300000533B613B689B681B033A6913433B61F2
:108640007B68124A934203D07B68114A934209D156
:108650007B6923F480437B613B685B699B017A699A
:1086600013437B617B687A695A607B68FA68DA61D8
:108670003B685A687B681A647B683A691A6200BF73
:108680001C37BD465DF8047B704700BF0000014009
:108690000004014080B487B000AFF860B9607A6030
:1086A000FB681B6A7B61FB681B6A23F00102FB68A5
:1086B0001A62FB689B693B613B6923F0F0033B61F5
:1086C0007B681B013A6913433B617B6923F00A0312
:1086D0007B617A69BB6813437B61FB683A699A6185
:1086E000FB687A691A6200BF1C37BD465DF8047BDF
:1086F000704780B487B000AFF860B9607A60FB68FB
:108700001B6A23F01002FB681A62FB689B697B619D
:10871000FB681B6A3B617B6923F470437B617B6868
:108720001B037A6913437B613B6923F0A0033B6120
:10873000BB681B013A6913433B61FB687A699A6124
:10874000FB683A691A6200BF1C37BD465DF8047BBE
:10875000704780B485B000AF786039607B689B68F3
:10876000FB60FB6823F07003FB603A68FB6813430F
:1087700043F00703FB607B68FA689A6000BF143718
:10878000BD465DF8047B704780B487B000AFF860E9
:10879000B9607A603B60FB689B687B617B6923F40E
:1087A0007F437B613B681A027B681A43BB681343B3
:1087B0007A6913437B61FB687A699A6000BF1C3752
:1087C000BD465DF8047B704780B487B000AFF860A9
:1087D000B9607A60BB6803F01F03012202FA03F359
:1087E0007B61FB681A6A7B69DB431A40FB681A628B
:1087F000FB681A6ABB6803F01F03796801FA03F388
:108800001A43FB681A6200BF1C37BD465DF8047B43
:108810007047000080B485B000AF786039607B6835
:1088200093F83C30012B01D102235AE07B680122EE
:1088300083F83C207B68022283F83D207B681B681C
:108840005B68FB607B681B689B68BB60FB6823F010
:108850007003FB603B681B68FA681343FB607B682E
:108860001B68FA685A607B681B68214A934222D0D1
:108870007B681B68B3F1804F1DD07B681B681D4A65
:10888000934218D07B681B681B4A934213D07B68C5
:108890001B681A4A93420ED07B681B68184A9342A1
:1088A00009D07B681B68174A934204D07B681B6819
:1088B000154A93420CD1BB6823F08003BB603B6830
:1088C0005B68BA681343BB607B681B68BA689A60D0
:1088D0007B68012283F83D207B68002283F83C20DE
:1088E000002318461437BD465DF8047B704700BF6F
:1088F000000001400004004000080040000C00405F
:1089000000040140004001400018004080B483B0E2
:1089100000AF786000BF0C37BD465DF8047B704740
:1089200080B483B000AF786000BF0C37BD465DF8FF
:10893000047B704780B582B000AF78607B68002B05
:1089400001D101233FE07B6893F83D30DBB2002B7F
:1089500006D17B68002283F83C207868FBF7A0FAF8
:108960007B68242283F83D207B681B68DA687B687B
:108970001B6822F40052DA60786800F0DBFD7B6847
:108980001B681A697B681B6822F490421A617B6835
:108990001B685A697B681B6822F02A025A617B684F
:1089A0001B68DA687B681B6842F40052DA607B68F7
:1089B00000221A647B68202283F83D207B682022F5
:1089C00083F83E20002318460837BD4680BD80B599
:1089D0008AB002AFF860B9603B601346FB800023A9
:1089E0007B61FB6893F83D30DBB2202B7CD1BB6808
:1089F000002B02D0FB88002B01D1012375E0FB681E
:108A000093F83C30012B01D102236EE0FB68012278
:108A100083F83C20FB6800221A64FB68212283F85B
:108A20003D20FBF75BFB7861FB68FA889A84FB6862
:108A3000FA88DA84FB689B68B3F5805F08D1FB682D
:108A40001B69002B04D10023FB61BB68BB6103E001
:108A5000BB68FB610023BB61FB68002283F83C20FC
:108A60002AE03B6800937B6900228021F86800F0CF
:108A70001FFB0346002B01D0032336E0FB69002BCC
:108A80000BD1BB691B881A46FB681B68C2F308023E
:108A90005A60BB690233BB6107E0FB691A78FB6867
:108AA0001B685A60FB690133FB61FB68DB8C9BB27E
:108AB000013B9AB2FB68DA84FB68DB8C9BB2002B2B
:108AC000CFD13B6800937B6900224021F86800F019
:108AD000EFFA0346002B01D0032306E0FB682022B7
:108AE00083F83D20002300E0022318462037BD46CE
:108AF00080BD80B584B000AFF860B9601346FB80DC
:108B0000FB6893F83E30DBB2202B1DD1BB68002BF5
:108B100002D0FB88002B01D1012316E0FB6893F8FB
:108B20003C30012B01D102230FE0FB68012283F8C6
:108B30003C20FB6800221A63FB881A46B968F86873
:108B400000F024FB034600E0022318461037BD4620
:108B500080BD000080B5BAB000AF78607B681B684C
:108B60001B68C7F8E4307B681B68DB68C7F8E03037
:108B70007B681B685B69C7F8DC300023C7F8D83016
:108B80000023C7F8D430D7F8E43003F00F03C7F858
:108B9000D830D7F8D830002B0FD1D7F8E43003F015
:108BA0002003002B09D0D7F8E03003F02003002B7E
:108BB00003D0786800F003FC56E2D7F8D830002BD9
:108BC00000F0DE80D7F8DC3003F00103002B06D183
:108BD000D7F8E03003F49073002B00F0D180D7F881
:108BE000E43003F00103002B0BD0D7F8E03003F49E
:108BF0008073002B05D07B681B6C43F001027B68FF
:108C00001A64D7F8E43003F00403002B0BD0D7F834
:108C1000DC3003F00103002B05D07B681B6C43F0B4
:108C200002027B681A64D7F8E43003F00203002BD9
:108C30000BD0D7F8DC3003F00103002B05D07B68A4
:108C40001B6C43F004027B681A64D7F8E43003F02D
:108C50000803002B11D0D7F8E03003F02003002BDD
:108C600005D1D7F8DC3003F00103002B05D07B6879
:108C70001B6C43F008027B681A647B681B6C002B3A
:108C800000F0ED81D7F8E43003F02003002B08D08A
:108C9000D7F8E03003F02003002B02D0786800F012
:108CA0008EFB7B681B685B6903F04003402B0CBFA5
:108CB00001230023DBB2C7F8D4307B681B6C03F0C0
:108CC0000803002B03D1D7F8D430002B4FD078689D
:108CD00000F096FA7B681B685B6903F04003402B49
:108CE00041D17B681B681433C7F89C30D7F89C309F
:108CF00053E8003FC7F89830D7F8983023F0400386
:108D0000C7F8D0307B681B681433D7F8D020C7F879
:108D1000A820C7F8A430D7F8A410D7F8A82041E8B5
:108D20000023C7F8A030D7F8A030002BD9D17B683A
:108D30009B6B002B13D07B689B6B7D4A1A657B680D
:108D40009B6B1846FCF794F80346002B16D07B6803
:108D50009B6B1B6D7A68926B104698470EE07868A3
:108D600000F090F90AE0786800F08CF906E0786885
:108D700000F088F97B6800221A6470E100BF6EE1A0
:108D80007B681B6B012B40F04A81D7F8E43003F07D
:108D90001003002B00F04381D7F8E03003F01003FC
:108DA000002B00F03C810023BB607B681B681B68C4
:108DB000BB607B681B685B68BB60BB687B681B68CB
:108DC0005B6903F04003402B40F0B4807B689B6BF1
:108DD0001B685B68A7F8BE30B7F8BE30002B00F008
:108DE00040817B689B8DB7F8BE209A4280F0398124
:108DF0007B68B7F8BE20DA857B689B6BDB69B3F5CF
:108E0000807F00F088807B681B680C33C7F888304F
:108E1000D7F8883053E8003FC7F88430D7F884305B
:108E200023F48073C7F8B8307B681B680C33D7F81D
:108E3000B820C7F89420C7F89030D7F89010D7F82A
:108E4000942041E80023C7F88C30D7F88C30002BF1
:108E5000D9D17B681B6814337B677B6F53E8003F75
:108E60003B673B6F23F00103C7F8B4307B681B6896
:108E70001433D7F8B420C7F88020FB67F96FD7F810
:108E8000802041E80023BB67BB6F002BE1D17B68EA
:108E90001B6814333B663B6E53E8003FFB65FB6D7C
:108EA00023F04003C7F8B0307B681B681433D7F851
:108EB000B020FA66BB66B96EFA6E41E800237B66A5
:108EC0007B6E002BE3D17B68202283F83E207B68F9
:108ED00000221A637B681B680C33FB64FB6C53E84D
:108EE000003FBB64BB6C23F01003C7F8AC307B6859
:108EF0001B680C33D7F8AC20BA657B65796DBA6D09
:108F000041E800233B653B6D002BE3D17B689B6B05
:108F10001846FBF73DFF7B689A8D7B68DB8D9BB223
:108F2000D31A9BB21946786800F0B6F899E000BFF2
:108F3000C79200087B689A8D7B68DB8D9BB2D31A41
:108F4000A7F8CE307B68DB8D9BB2002B00F08B80C6
:108F5000B7F8CE30002B00F086807B681B680C339E
:108F6000BB63BB6B53E8003F7B637B6B23F4907365
:108F7000C7F8C8307B681B680C33D7F8C8207A6400
:108F80003B64396C7A6C41E80023FB63FB6B002B7C
:108F9000E3D17B681B6814337B627B6A53E8003F34
:108FA0003B623B6A23F00103C7F8C4307B681B684F
:108FB0001433D7F8C4203A63FB62F96A3A6B41E88C
:108FC0000023BB62BB6A002BE3D17B68202283F8BD
:108FD0003E207B6800221A637B681B680C333B6170
:108FE0003B6953E8003FFB60FB6823F01003C7F8C0
:108FF000C0307B681B680C33D7F8C020FA61BB61B6
:10900000B969FA6941E800237B617B69002BE3D1F0
:10901000B7F8CE301946786800F03EF823E0D7F86C
:10902000E43003F08003002B09D0D7F8E03003F0E0
:109030008003002B03D0786800F059F914E0D7F8CA
:10904000E43003F04003002B0ED0D7F8E03003F0FB
:109050004003002B08D0786800F099F904E000BFC5
:1090600002E000BF00E000BFE837BD4680BD00BFA2
:1090700080B483B000AF786000BF0C37BD465DF8A8
:10908000047B704780B483B000AF786000BF0C37BA
:10909000BD465DF8047B704780B483B000AF786054
:1090A0000B467B8000BF0C37BD465DF8047B7047E4
:1090B00080B590B000AFF860B9603B601346FB71BB
:1090C00050E0BB6CB3F1FF3F4CD0BB6C002B07D022
:1090D000FBF704F802463B68D31ABA6C9A4241D2B5
:1090E000FB681B680C33BB62BB6A53E8003F7B62C2
:1090F0007B6A23F4D073FB63FB681B680C33FA6B49
:109100007A633B63396B7A6B41E80023FB62FB6A4D
:10911000002BE5D1FB681B6814337B617B6953E846
:10912000003F3B613B6923F00103BB63FB681B68A5
:109130001433BA6B3A62FB61F9693A6A41E8002379
:10914000BB61BB69002BE5D1FB68202283F83D2081
:10915000FB68202283F83E20FB68002283F83C2035
:1091600003230FE0FB681B681A68BB681340BA68EA
:109170009A420CBF01230023DBB21A46FB799A42C4
:109180009FD0002318464037BD4680BD80B485B0CF
:1091900000AFF860B9601346FB80FB68BA689A625A
:1091A000FB68FA889A85FB68FA88DA85FB680022F2
:1091B0001A64FB68222283F83E20FB68002283F8B1
:1091C0003C20FB681B68DA68FB681B6842F480720D
:1091D000DA60FB681B685A69FB681B6842F0010291
:1091E0005A61FB681B68DA68FB681B6842F0200262
:1091F000DA60002318461437BD465DF8047B7047DB
:1092000080B495B000AF78607B681B680C337B63DB
:109210007B6B53E8003F3B633B6B23F49073FB6431
:109220007B681B680C33FA6C3A64FB63F96B3A6C2D
:1092300041E80023BB63BB6B002BE5D17B681B6857
:1092400014333B623B6A53E8003FFB61FB6923F048
:109250000103BB647B681B681433BA6CFA62BB629F
:10926000B96AFA6A41E800237B627B6A002BE5D188
:109270007B681B6B012B19D17B681B680C33FB606F
:10928000FB6853E8003FBB60BB6823F010037B64BE
:109290007B681B680C337A6CBA617B617969BA6947
:1092A00041E800233B613B69002BE5D17B6820222C
:1092B00083F83E207B6800221A6300BF5437BD4606
:1092C0005DF8047B704780B584B000AF78607B6840
:1092D0009B6BFB60FB680022DA85FB680022DA8466
:1092E000F868FFF7CFFE00BF1037BD4680BD80B4E1
:1092F00085B000AF78607B6893F83D30DBB2212BFE
:109300003ED17B689B68B3F5805F14D17B681B6995
:10931000002B10D17B681B6AFB60FB681B881A4618
:109320007B681B68C2F308025A607B681B6A9A1C40
:109330007B681A6208E07B681B6A591C7A681162B4
:109340001A787B681B685A607B68DB8C9BB2013B98
:109350009BB27A681946D184002B0FD17B681B68B9
:10936000DA687B681B6822F08002DA607B681B6821
:10937000DA687B681B6842F04002DA60002300E094
:10938000022318461437BD465DF8047B704780B54C
:1093900082B000AF78607B681B68DA687B681B6806
:1093A00022F04002DA607B68202283F83D20786852
:1093B000FFF75EFE002318460837BD4680BD80B526
:1093C0008CB000AF78607B6893F83E30DBB2222B24
:1093D00040F0AB807B689B68B3F5805F17D17B68FA
:1093E0001B69002B13D10023FB627B689B6ABB6265
:1093F0007B681B685B689BB2C3F308039AB2BB6AC5
:109400001A807B689B6A9A1C7B689A6226E07B685C
:109410009B6AFB620023BB627B689B68B3F5805F3D
:1094200007D07B689B68002B0AD17B681B69002BE7
:1094300006D17B681B685B68DAB2FB6A1A7008E0C9
:109440007B681B685B68DBB203F07F03DAB2FB6A00
:109450001A707B689B6A5A1C7B689A627B68DB8DFA
:109460009BB2013B9BB27A681946D185002B5AD139
:109470007B681B68DA687B681B6822F02002DA6070
:109480007B681B68DA687B681B6822F48072DA608C
:109490007B681B685A697B681B6822F001025A616D
:1094A0007B68202283F83E207B681B6B012B35D123
:1094B0007B6800221A637B681B680C337B617B69C5
:1094C00053E8003F3B613B6923F010037B627B68FC
:1094D0001B680C337A6A3A62FB61F9693A6A41E8BF
:1094E0000023BB61BB69002BE5D17B681B681B684F
:1094F00003F01003102B0AD10023FB607B681B686C
:109500001B68FB607B681B685B68FB60FB687B68B3
:109510009B8D19467868FFF7BFFD02E07868FAF77F
:1095200077FC002302E0002300E0022318463037D6
:10953000BD4680BD2DE9F04F9FB000AFF866FB6ED1
:109540001B681B6923F44050FB6ED968FB6E1A68D8
:1095500040EA01031361FB6E9A68FB6E1B691A43B4
:10956000FB6E5B691A43FB6EDB6913433B67FB6E63
:109570001B68DB6823F4164121F00C01FB6E1A68AE
:109580003B6F0B43D360FB6E1B685B6923F4407039
:10959000FB6E9969FB6E1A6840EA01035361FB6E2A
:1095A0001A68C54B9A4204D0FB6E1A68C34B9A42A4
:1095B00003D1FDF7BFFC786702E0FDF7A7FC7867F1
:1095C000FB6EDB69B3F5004F40F0B6807B6F1C4645
:1095D0004FF0000522462B46911839645B417B64AD
:1095E000D7E91023121945EB03034FF000004FF0A9
:1095F0000001D90041EA5271D00002460B46111910
:1096000039666B417B66FB6E5B681A464FF0000360
:109610009118B9635B41FB63D7E90E23D7E91801C1
:10962000F7F764FA02460B46A54BA3FB02235B093E
:109630001E017B6F1C464FF0000522462B469118F9
:1096400039635B417B63D7E90C23121945EB0303B4
:109650004FF000004FF00001D90041EA5271D000F4
:1096600002460B461119B9656B41FB65FB6E5B68E1
:109670001A464FF000039118B9625B41FB62D7E9CB
:109680000A23D7E91601F7F731FA02460B468C4B4D
:10969000A3FB02135B09642101FB03F3D31ADB0074
:1096A0003233874AA2FB03235B095B0003F4F873A0
:1096B0001E447B6F18464FF0000102460B4694187B
:1096C0003C625B417B62D7E90823121841EB03033C
:1096D0004FF000044FF00005DD0045EA5275D4005C
:1096E00022462B4614183C654B417B65FB6E5B683C
:1096F0001A464FF000039118B9615B41FB61D7E94D
:109700000623D7E91401F7F7F1F902460B466C4B33
:10971000A3FB02135B09642101FB03F3D31ADB00F3
:109720003233674AA2FB03235B0903F00702FB6E97
:109730001B6832449A60B9E07B6F1C464FF000050D
:1097400022462B46911839615B417B61D7E904239E
:10975000121945EB03034FF000004FF00001D90050
:1097600041EA5271D00002460B4612EB040843EB6B
:109770000509FB6E5B6818464FF000014FF00002D0
:109780004FF000038B0043EA907382004046494645
:10979000F7F7ACF902460B46494BA3FB02235B09E2
:1097A0001E017B6F18464FF0000102460B469418CD
:1097B000BC605B41FB60D7E90223121841EB030355
:1097C0004FF000044FF00005DD0045EA5275D4006B
:1097D00022462B461418BC644B41FB64FB6E5B684D
:1097E00018464FF000014FF000024FF000038B00CD
:1097F00043EA90738200D7E91201F7F777F902463E
:109800000B462F4BA3FB02135B09642101FB03F3FF
:10981000D31A1B0132332A4AA2FB03235B0903F04C
:10982000F0031E447B6F18464FF0000102460B46C2
:1098300094183C605B417B60D7E90023121841EB30
:1098400003034FF000044FF00005DD0045EA5275B8
:10985000D40022462B4612EB000A43EB010BFB6EB1
:109860005B6818464FF000014FF000024FF0000314
:109870008B0043EA9073820050465946F7F736F959
:1098800002460B460E4BA3FB02135B09642101FB4E
:1098900003F3D31A1B013233094AA2FB03235B09EA
:1098A00003F00F02FB6E1B6832449A6000BF7C37E6
:1098B000BD46BDE8F08F00BF00100140001401401C
:1098C0001F85EB5180B485B000AF7860396000230C
:1098D000FB603B681A687B6853F82230FB60FA68CB
:1098E000204B1340FB603B685A683B689B681A43F7
:1098F0003B68DB681A433B681B691A433B685B693A
:109900001A433B689B691A433B68DB691A433B680F
:109910001B6A1A433B685B6A1A433B689B6A1A439B
:109920003B68DB6A1A433B68DB6B1A433B681B6B83
:109930001343FA681343FB603B689B68082B03D111
:10994000FB6843F04003FB603B681A687B68F9687A
:1099500043F82210002318461437BD465DF8047BF7
:10996000704700BF8000F0FF80B487B000AFF860A0
:10997000B9607A6000237B617B685A1CFB6853F8EE
:1099800022307B617B6903F040437B61BB681A68CE
:10999000BB685B681B011A43BB689B681B021A43C8
:1099A000BB68DB681B041A43BB681B69013B1B05D2
:1099B0001A43BB685B69023B1B061A43BB689B6981
:1099C00013437A6913437B617B685A1CFB6879698E
:1099D00043F82210002318461C37BD465DF8047B6F
:1099E0007047000080B487B000AFF860B9607A605B
:1099F0003B6000237B613B68B3F5804F22D1FB685D
:109A00007A6853F822307B617A69154B13407B6189
:109A1000BB681A68BB685B681B011A43BB689B681C
:109A20001B021A43BB68DB681B041A43BB689B69B3
:109A300013437A6913437B61FB687A68796943F859
:109A4000221005E0FB687A686FF0704143F822103D
:109A5000002318461C37BD465DF8047B704700BFE5
:109A60000000F0CF014B1868704700BF20000020B5
:109A700070B50D4D0D4C641BA4100026A64209D1F3
:109A80000B4D0C4C00F04EFC641BA4100026A642AB
:109A900005D170BD55F8043B98470136EEE755F8FF
:109AA000043B98470136F2E70CD400080CD40008B8
:109AB0000CD4000810D4000802440346934200D19D
:109AC000704703F8011BF9E70EB400B59CB01DAB5D
:109AD000029006906FF000410948079104910949EE
:109AE00053F8042B05910068019302A900F068F86F
:109AF000029B00221A701CB05DF804EB03B07047A3
:109B0000200000200802FFFF2DE9F0478E689E42EA
:109B100082460C4690461F4638D88A8912F4906FC8
:109B200032D025680969A5EB0109656905EB450592
:109B300005EBD57501334B446D109D4238BF1D4672
:109B4000530531D5294600F047FB064650B90C2392
:109B5000CAF80030A38943F04003A3814FF0FF30DF
:109B6000BDE8F08721694A4600F0BEFAA38923F4D4
:109B7000906343F08003A381266165614E44A5EBA9
:109B800009052660A5603E46BE4200D93E463246E3
:109B90002068414600F0B6FAA36822689B1B324455
:109BA000A36022600020DBE72A4600F06FFB064638
:109BB0000028E1D12169504600F0BEFAC7E7000055
:109BC0002DE9F04F98468B891B069DB007460D4640
:109BD00014460ED50B6963B9402100F0FDFA2860E8
:109BE000286120B90C233B604FF0FF30D1E04023C7
:109BF0006B610023099320238DF82930CDF80C8068
:109C00003023DFF8A8818DF82A304FF00109234670
:109C10009A4613F8012B0AB1252AF9D1BAEB040BA5
:109C20000BD05B46224629463846FFF76DFF0130D0
:109C300000F0AA80099A5A4409929AF80030002B41
:109C400000F0A28000234FF0FF32CDE905230AF196
:109C5000010A049307938DF853301A935446052252
:109C600014F8011B5148F6F7B3FA049AD8B9D00694
:109C700044BF20238DF85330110744BF2B238DF8A8
:109C800053309AF800302A2B15D0079A54460020FA
:109C90004FF00A0C214611F8013B303B092B4ED9FD
:109CA000B0B1079214E0A0EB080309FA03F31343E1
:109CB0000493A246D2E7039B191D1B680391002B56
:109CC000BBBF5B4242F0020207930793B8BF049206
:109CD00023782E2B0CD163782A2B35D1039B1A1DA8
:109CE0001B680392002BB8BF4FF0FF33023405937B
:109CF000DFF8C8A0217803225046F6F769FA40B190
:109D00004023A0EB0A0003FA00F0049B0343013454
:109D1000049314F8011B26488DF828100622F6F744
:109D200057FA002838D0234B1BBB039B073323F083
:109D3000070308330393099B3344099367E70CFB3C
:109D400002320C460120A5E7002301340593194691
:109D50004FF00A0C204610F8012B303A092A03D99B
:109D6000002BC5D00591C3E70CFB0121044601235C
:109D7000F0E703AB00932A460F4B04A93846AFF334
:109D80000080421C0646D6D1AB895B063FF52CAF5E
:109D900009981DB0BDE8F08F03AB00932A46064B2F
:109DA00004A9384600F07AF8EBE700BFD0D30008EA
:109DB000DAD3000800000000099B0008D6D3000891
:109DC0002DE9F047164699468A680B69DDF8208030
:109DD0009342B8BF1346336091F8432007460C46C0
:109DE0000AB1013333602368990642BF33680233F6
:109DF0003360256815F0060506D104F1190AE368F9
:109E000032689B1AAB4226DC94F84320131E22686A
:109E100018BF012392062BD404F143024946384669
:109E2000C04701301ED02368E568326803F006039E
:109E3000042B08BFAD1AA36822690CBF25EAE5759B
:109E400000259342C4BF9B1AED1800261A34B54270
:109E50001AD1002008E00123524649463846C0473F
:109E6000013003D14FF0FF30BDE8F0870135C6E780
:109E7000E1185A1C302081F84300224494F8451020
:109E800082F843100233C7E7012322464946384689
:109E9000C0470130E6D00136D9E700002DE9FF4781
:109EA0000C469146277E0C99782F80469A4604F1FD
:109EB000430207D8622F0AD8002F00F0D880582F0D
:109EC00000F0A38004F1420684F842703AE0A7F162
:109ED0006303152BF6D801A050F823F0359F000836
:109EE000499F0008C59E0008C59E0008C59E000841
:109EF000C59E0008499F0008C59E0008C59E000831
:109F0000C59E0008C59E000855A00008799F00085E
:109F100037A00008C59E0008C59E000877A000086D
:109F2000C59E0008799F0008C59E0008C59E0008D0
:109F30003FA000080B681A1D1B680A6004F1420666
:109F400084F842300123A3E0256808682E0600F15A
:109F500004030AD505680B60002D03DA2D236D423A
:109F600084F843305E480A2319E015F0400F056875
:109F70000B6018BF2DB2EFE70B682568181D08604D
:109F8000280601D51D6802E06906FBD51D885448E6
:109F90006F2F0CBF08230A23002184F84310666842
:109FA000A660002EA2BF216821F0040121600DB936
:109FB000002E4DD01646B5FBF3F103FB1157C75DDC
:109FC00006F8017D2F46BB420D46F4D9082B0BD174
:109FD0002368DF0708D5236961689942DEBF302313
:109FE00006F8013C06F1FF36921B2261CDF800A075
:109FF0004B4603AA21464046FFF7E2FE01304CD112
:10A000004FF0FF3004B0BDE8F087354884F8457064
:10A0100023680E681F0656F8045B0E6014D5D90736
:10A0200044BF43F0200323601DB9236823F02003BD
:10A0300023601023B0E7236843F0200323607823D4
:10A04000284884F84530E3E75E0648BFADB2E6E74E
:10A050001646BBE70B68266860691D1D0D60350656
:10A060001B6801D5186002E07106FBD5188000233B
:10A0700023611646BAE70B681A1D0A601E686268FB
:10A0800000213046F6F7A4F808B1801B60606368D1
:10A090002361002384F84330A8E723693246494608
:10A0A0004046D0470130ABD023689B0713D4E0680B
:10A0B000039B9842B8BF1846A4E70123324649469D
:10A0C0004046D04701309BD00135E36803995B1AC5
:10A0D000AB42F2DCEBE7002504F11906F5E700BF1F
:10A0E000E1D30008F2D300080A44914200F1FF33A3
:10A0F00000D1704710B511F8014B03F8014F9142A0
:10A10000F9D110BD884210B501EB020402D9844296
:10A11000234607D8431EA14208D011F8012B03F8AB
:10A12000012FF8E7024401468A4200D110BD13F81E
:10A13000014D02F8014DF7E737B5002948D051F835
:10A14000043C0190002BA1F10404B8BFE41800F016
:10A15000D3F8204A01981368154633B96360146038
:10A1600003B0BDE8304000F0CDB8A3420BD9216860
:10A170006218934204BF1A685B68636004BF521898
:10A1800022602C60ECE71A465B680BB1A342FAD957
:10A1900011685518A5420BD1246821445418A342D4
:10A1A0001160DDD11C685B68536021441160D7E702
:10A1B00002D90C230360D3E7256861198B4204BFE1
:10A1C00019685B68636004BF491921605460C7E780
:10A1D00003B030BDB4000020F8B5CD1C25F0030558
:10A1E00008350C2D38BF0C25002D064601DBA94291
:10A1F00003D90C2333600020F8BD00F07DF821491D
:10A200000A6814469CB9204F3B6823B92146304662
:10A2100000F062F838602946304600F05DF8431CD3
:10A2200023D10C233360304600F06CF8E3E7236859
:10A230005B1B17D40B2B03D923601C44256004E05F
:10A240006368A2420CBF0B605360304600F05AF8BE
:10A2500004F10B00231D20F00700C21ACCD01B1AFA
:10A26000A350C9E722466468CCE7C41C24F0030469
:10A27000A042E3D0211A304600F02EF80130DDD1A3
:10A28000CFE700BFB4000020B8000020F8B50746B3
:10A2900014460E4621B9BDE8F8401146FFF79CBFB1
:10A2A00022B9FFF749FF25462846F8BD00F030F8EF
:10A2B000A0420FD221463846FFF78EFF0546002800
:10A2C000F2D031462246FFF70FFF31463846FFF7FE
:10A2D00033FFE9E73546E7E738B5064D0023044686
:10A2E00008462B60F9F74EFA431C02D12B6803B1E4
:10A2F000236038BD58040020014800F011B800BFA9
:10A3000060040020014800F00CB800BF6004002089
:10A3100051F8043C181F002BBCBF0B58C0187047E5
:10A3200070477047F8B500BFF8BC08BC9E46704740
:0CA33000F8B500BFF8BC08BC9E467047A2
:10A33C004D4F44453A204348414E47452054494DE2
:10A34C0045000000434E00004461790073656300D2
:10A35C006D696E00686F7572000000004444000067
:10A36C004D4D000059590000506F74656E74696F43
:10A37C006D65746572203E203730250A00000000A0
:10A38C00506C656173652072656475636520506FF0
:10A39C0074656E74696F6D657465720A2D2D2D2D43
:10A3AC002D2D2D2D2D2D2D2D2D0A0000566F6C745D
:10A3BC006167652856293A0043757272656E742878
:10A3CC006D41293A00000000506F776572286D5777
:10A3DC00293A00004C696768743A0000285374727B
:10A3EC006F6E672900000000285765616B292020DB
:10A3FC0000000000506F74656E284F686D293A009C
:10A40C002500000054656D702843293A00000000B7
:10A41C00257300003000000025640000256C6400EA
:10A42C002E000000000000000000000000000000F2
:10A43C0000000000000000080808080808080000D8
:10A44C001818000000486C241200000000000000E6
:10A45C00000000000000002424247F1212127F123E
:10A46C00121200000000081C2A2A0A0C1828282A9C
:10A47C002A1C080800000022251515152A585454CA
:10A48C00542200000000000C1212120A7625291129
:10A49C00916E00000006060403000000000000009E
:10A4AC0000000000004020101008080808080810E0
:10A4BC0010204000000204080810101010101008A2
:10A4CC00080402000000000008086B1C1C6B080844
:10A4DC000000000000000000080808087F080808B9
:10A4EC000800000000000000000000000000000058
:10A4FC00060604030000000000000000FE0000003F
:10A50C00000000000000000000000000000000003F
:10A51C0006060000000080404020201010080804AF
:10A52C00040202000000001824424242424242420D
:10A53C0024180000000000080E0808080808080885
:10A54C00083E00000000003C42424220201008045B
:10A55C00427E00000000003C424220182040404255
:10A56C00221C0000000000203028242422227E20FF
:10A57C00207800000000007E0202021A26404042B1
:10A58C00221C0000000000382402021A264242421B
:10A59C00241800000000007E222210100808080871
:10A5AC00080800000000003C4242422418244242A9
:10A5BC00423C0000000000182442424264584040D3
:10A5CC00241C00000000000000001818000000000F
:10A5DC001818000000000000000000080000000037
:10A5EC0000080804000000402010080402040810B1
:10A5FC00204000000000000000007F0000007F00F1
:10A60C000000000000000002040810204020100888
:10A61C00040200000000003C4242464020101000A2
:10A62C00181800000000001C225A555555552D4293
:10A63C00221C00000000000808181414243C2242BC
:10A64C0042E700000000001F2222221E224242424A
:10A65C00221F00000000007C424201010101014266
:10A66C00221C00000000001F224242424242424291
:10A67C00221F00000000003F4212121E1212024262
:10A68C00423F00000000003F4212121E1212020252
:10A69C00020700000000003C22220101017121226E
:10A6AC00221C0000000000E7424242427E4242422D
:10A6BC0042E700000000003E0808080808080808E7
:10A6CC00083E00000000007C10101010101010103C
:10A6DC001010110F0000007722120A0E0A1212221B
:10A6EC0022770000000000070202020202020202AE
:10A6FC00427F000000000077363636362A2A2A2A96
:10A70C002A6B0000000000E346464A4A525252624D
:10A71C00624700000000001C22414141414141417F
:10A72C00221C00000000003F424242423E02020254
:10A73C00020700000000001C2241414141414D53E1
:10A74C00321C60000000003F4242423E12122222A4
:10A75C0042C700000000007C424202041820404224
:10A76C00423E00000000007F49080808080808085D
:10A77C00081C0000000000E74242424242424242B2
:10A78C00423C0000000000E742422224241414182A
:10A79C00080800000000006B49494949555536220C
:10A7AC0022220000000000E7422424181818242458
:10A7BC0042E7000000000077222214140808080861
:10A7CC00081C00000000007E212010100804044228
:10A7DC00423F000000780808080808080808080824
:10A7EC000808780000000202040408080810102071
:10A7FC0020204040001E10101010101010101010CF
:10A80C0010101E0000384400000000000000000082
:10A81C00000000000000000000000000000000002C
:10A82C00000000FF0006080000000000000000000F
:10A83C0000000000000000000000003C4278444290
:10A84C0042FC0000000000030202021A26424242AF
:10A85C00261A00000000000000000038440202022A
:10A86C0044380000000000604040407844424242BE
:10A87C0064D80000000000000000003C427E020290
:10A88C00423C0000000000F08808087E0808080818
:10A89C00083E0000000000000000007C22221C0288
:10A8AC003C42423C000000030202023A4642424251
:10A8BC0042E700000000000C0C00000E080808081D
:10A8CC00083E00000000003030000038202020201E
:10A8DC002020221E0000000302020272120A16122D
:10A8EC00227700000000000E080808080808080875
:10A8FC00083E0000000000000000007F929292923F
:10A90C0092B70000000000000000003B46424242AB
:10A91C0042E70000000000000000003C42424242BE
:10A92C00423C0000000000000000001B2642424296
:10A93C00221E020700000000000000784442424240
:10A94C00447840E000000000000000774C04040450
:10A95C00041F0000000000000000007C42023C408C
:10A96C00423E0000000000000008083E08080808ED
:10A97C000830000000000000000000634242424228
:10A98C0062DC000000000000000000E742242414F8
:10A99C000808000000000000000000EB4949555574
:10A9AC002222000000000000000000762418181875
:10A9BC00246E000000000000000000E74224241474
:10A9CC0018080807000000000000007E221008088C
:10A9DC00447E000000C020202020201020202020B9
:10A9EC002020C0001010101010101010101010109B
:10A9FC0010101010000608080808081008080808AD
:10AA0C00080806000C32C200000000000000000024
:10AA1C00000000000000000000000000000000002A
:10AA2C00000000000000000000000000000000001A
:10AA3C00000000000000000000000000000000000A
:10AA4C00000000000000000000000000E000E0003A
:10AA5C00E000E000E000400040004000400040000A
:10AA6C004000000000000000E000E000E0000000FA
:10AA7C000000000000000000600660063003980132
:10AA8C0088004400000000000000000000000000EE
:10AA9C0000000000000000000000000000000000AA
:10AAAC000000000000000000000000000000080290
:10AABC00080208020802FE07FE0708020802040149
:10AACC000401FE07FE070401040104010401000057
:10AADC000000000000000000000040004000F001F9
:10AAEC0058034C034C034C0058007000E000C001AC
:10AAFC00C00140034C034C034C034801F0004000E0
:10AB0C0040000000000000000000000000000E03E8
:10AB1C000A01110191009100D1005100FA03AE021B
:10AB2C006004500450045804480488028403000054
:10AB3C0000000000000000000000000000003800D1
:10AB4C006400640064006400A4031C010C011A017D
:10AB5C009200B300E3006300C300A6041C030000D2
:10AB6C0000000000000000000C001C001000100091
:10AB7C0008000600000000000000000000000000BB
:10AB8C0000000000000000000000000000000000B9
:10AB9C000000000000000000000400020001800121
:10ABAC008000C000C00060006000600060006000B9
:10ABBC0060006000C000C000800080010001000245
:10ABCC00000400000000000002000400080018004F
:10ABDC001000300030006000600060006000600019
:10ABEC006000600030003000100018000800040005
:10ABFC000200000000000000000000000000000047
:10AC0C004000400040004E0E5C07F001F0015C0774
:10AC1C004E0E40004000400000000000000000000C
:10AC2C000000000000000000000000000000000018
:10AC3C00000040004000400040004000FE0F40007B
:10AC4C0040004000400040000000000000000000F8
:10AC5C0000000000000000000000000000000000E8
:10AC6C0000000000000000000000000000000000D8
:10AC7C0000000000000000000C001C001000100080
:10AC8C0008000600000000000000000000000000AA
:10AC9C00000000000000000000000000FE070000A3
:10ACAC000000000000000000000000000000000098
:10ACBC000000000000000000000000000000000088
:10ACCC000000000000000000000000000000000078
:10ACDC0000000000000000001C001C001C00000014
:10ACEC000000000000000000000400060002000349
:10ACFC000001000180008000400040006000200046
:10AD0C00200010001000080008000C0004000600D1
:10AD1C000200000000000000000000000000F00035
:10AD2C0098010C030C030606060606060606060624
:10AD3C000606060606060C030C039801F00000003C
:10AD4C0000000000000000000000000000004000B7
:10AD5C0060007C00600060006000600060006000CB
:10AD6C00600060006000600060006000FC03000098
:10AD7C000000000000000000000000000000F800CF
:10AD8C008401020306030603000380018001C00056
:10AD9C0020001000080204020202FE03FE03000061
:10ADAC00000000000000000000000000000078001F
:10ADBC00C4008601860186018001C00070008001FC
:10ADCC00000100030603060306038401F8000000DB
:10ADDC0000000000000000000000000000018001E5
:10ADEC00C001C001A001900190018801840184017F
:10ADFC008201FE078001800180018001E0070000D4
:10AE0C000000000000000000000000000000FC0337
:10AE1C00FC030400040004000400F4008C0104038F
:10AE2C00000300030603060382018401F8000000FE
:10AE3C000000000000000000000000000000E00125
:10AE4C0018030C030C0004000600E60116030E06A2
:10AE5C0006060606060604060C021803F00000009F
:10AE6C000000000000000000000000000000F807D7
:10AE7C00FC070C020401040100018000800040006A
:10AE8C004000400060006000600060006000000056
:10AE9C000000000000000000000000000000F801AD
:10AEAC000C030606060606060E023C03F000CC0157
:10AEBC00040306060606060606060C03F00100004F
:10AECC000000000000000000000000000000F00086
:10AEDC000C010C03060206060606060606078C067F
:10AEEC0078060006000300030C018C0178000000BA
:10AEFC000000000000000000000000000000000046
:10AF0C00000000000000E000E000E0000000000095
:10AF1C000000000000000000E000E000E000000085
:10AF2C000000000000000000000000000000000015
:10AF3C000000000000000000600060000000000045
:10AF4C0000000000000000000000600060004000F5
:10AF5C0020000000000000000000000000040002BF
:10AF6C0000018000400020001000080004000800D0
:10AF7C0010002000400080000001000200040000CE
:10AF8C0000000000000000000000000000000000B5
:10AF9C000000000000000000FE07000000000000A0
:10AFAC000000FE0700000000000000000000000090
:10AFBC000000000000000000000000000400080079
:10AFCC00100020004000800000010002000400027C
:10AFDC000001800040002000100008000400000068
:10AFEC00000000000000000000000000F0010C0355
:10AFFC000206020606060606000380016000200019
:10B00C0020002000000000007000700070000000A4
:10B01C000000000000000000000000000000E00143
:10B02C0038060804CC0A640B2609260916091609E9
:10B03C009609960566030C080C041802E001000042
:10B04C000000000000000000000000000000600094
:10B05C0060007000D000D000C80088018801880111
:10B06C00F801040304030403040606060F0F000092
:10B07C000000000000000000000000000000FF00C5
:10B08C00860106030603060306038601FE0006037B
:10B09C00060206060606060606060603FF01000063
:10B0AC000000000000000000000000000000E007AD
:10B0BC0018060C040C04040006000600060006002A
:10B0CC000600060006040C040C021801F000000037
:10B0DC0000000000000000000000000000007F00E5
:10B0EC00860106030603060606060606060606067F
:10B0FC0006060606060606030603C6017F000000C8
:10B10C000000000000000000000000000000FF0331
:10B11C00060206040600060086008600FE00860075
:10B12C00860006000600060406040602FF03000063
:10B13C000000000000000000000000000000FF0301
:10B14C00060306040604060086008600FE00860040
:10B15C008600060006000600060006000F00000030
:10B16C000000000000000000000000000000F002E1
:10B17C0018030C020C020400060006000600060070
:10B18C00C60F060306030C030C031803F0000000A3
:10B19C0000000000000000000000000000000F0F85
:10B1AC00060606060606060606060606FE0706063A
:10B1BC000606060606060606060606060F0F00001D
:10B1CC000000000000000000000000000000FC0374
:10B1DC006000600060006000600060006000600063
:10B1EC00600060006000600060006000FC03000014
:10B1FC000000000000000000000000000000F00F44
:10B20C00800180018001800180018001800180012A
:10B21C008001800180018001800180018001860114
:10B22C00C6007C0000000000000000000000CF07FA
:10B23C000601860046004600260036003E006E00E1
:10B24C00E600C600C6018601060306078F0F000044
:10B25C0000000000000000000000000000000F00D3
:10B26C0006000600060006000600060006000600A2
:10B27C00060006000600060406040602FF03000092
:10B28C0000000000000000000000000000000F0F94
:10B29C000E070E070E079A069A069A069A065A0683
:10B2AC00720672067206720622062206270F00002C
:10B2BC000000000000000000000000000000070E6D
:10B2CC000E040E041A041A04320462046204C2044A
:10B2DC00C2048205020702070206020607040000E8
:10B2EC000000000000000000000000000000F00062
:10B2FC0098010C030C020606060606060606060650
:10B30C000606060606060C020C039801F000000067
:10B31C000000000000000000000000000000FF0121
:10B32C000603060606060606060606060603FE01C4
:10B33C000600060006000600060006000F000000CE
:10B34C000000000000000000000000000000F00001
:10B35C0098010C030C0206060606060606060606EF
:10B36C000606060676064C028C038801F00180075F
:10B37C000003000000000000000000000000FF01BE
:10B38C00060306060606060606060603FE0066000B
:10B39C00C600C60086018601060306030F0E0000D8
:10B3AC000000000000000000000000000000F80495
:10B3BC000C070604060406000E003C00F000C00357
:10B3CC00000300060206020606060E03F201000048
:10B3DC000000000000000000000000000000FE075C
:10B3EC006204610861086000600060006000600039
:10B3FC00600060006000600060006000F000000011
:10B40C0000000000000000000000000000000F0E13
:10B41C0006040604060406040604060406040604D0
:10B42C00060406040604060406040C02F8010000D7
:10B43C0000000000000000000000000000001F0FD2
:10B44C000E060C020C020C020C011801180118015A
:10B45C001801B000B000B000F00060006000000007
:10B46C000000000000000000000000000000EF0ED3
:10B47C006604660466026602E602EC02EC02DC017B
:10B48C00DC01DC01DC019C018800880088000000E4
:10B49C0000000000000000000000000000009E07FB
:10B4AC000C03180118019800B000700060006000D7
:10B4BC00E000D000D001980188010C039E07000029
:10B4CC0000000000000000000000000000001F0F42
:10B4DC000E060C020C0118011801B000B00070002F
:10B4EC00600060006000600060006000F801000017
:10B4FC000000000000000000000000000000FC073D
:10B50C00040382038001C001C000C0006000600021
:10B51C0030003000180018041C040C02FE0300005C
:10B52C000000000000000000E007200020002000C8
:10B53C0020002000200020002000200020002000FF
:10B54C0020002000200020002000200020002000EF
:10B55C00E0070000000000000000000004000800EC
:10B56C0008000800100010002000200020004000FF
:10B57C0040008000800080000001000100020002F9
:10B58C000002000400000000FC008000800080002D
:10B59C00800080008000800080008000800080009F
:10B5AC00800080008000800080008000800080008F
:10B5BC00FC00000000000000E000B00108020000E8
:10B5CC00000000000000000000000000000000006F
:10B5DC00000000000000000000000000000000005F
:10B5EC00000000000000000000000000000000004F
:10B5FC00000000000000000000000000000000003F
:10B60C00000000000000000000000000000000002E
:10B61C000000FF0F00000000180060000000000098
:10B62C00000000000000000000000000000000000E
:10B63C0000000000000000000000000000000000FE
:10B64C0000000000000000000000000000000000EE
:10B65C000000000000000000F0010C030C03E003EC
:10B66C0038030C030603060306038E0B7C0F000045
:10B67C0000000000000000000000000008000E00A8
:10B68C000C000C000C000C00CC013C031C060C063E
:10B69C000C060C060C060C060C021C03F401000034
:10B6AC00000000000000000000000000000000008E
:10B6BC000000000000000000F0008C018C018601ED
:10B6CC0006000600060006020C020C01F000000049
:10B6DC0000000000000000000000000000028003D9
:10B6EC00000300030003000378038C030C03060320
:10B6FC00060306030603060304038C077801000007
:10B70C00000000000000000000000000000000002D
:10B71C000000000000000000E001180308060C0601
:10B72C00FC070C000C000C0018043802E0010000AF
:10B73C000000000000000000000000000000C0033A
:10B74C006006300630003000FE0330003000300060
:10B75C00300030003000300030003000FC010000C0
:10B76C0000000000000000000000000000000000CD
:10B77C000000000000000000F00E98090C030C0300
:10B78C000C039801F8000C007C00F8030606060672
:10B79C000E07F801000000000000000008000E0079
:10B7AC000C000C000C000C00EC011C030C030C0333
:10B7BC000C030C030C030C030C030C039E0700007E
:10B7CC00000000000000000000000000000060000D
:10B7DC0060000000000000007C0060006000600061
:10B7EC00600060006000600060006000FC0300000E
:10B7FC0000000000000000000000000000008001BC
:10B80C008001000000000000F00180018001800137
:10B81C008001800180018001800180018001800114
:10B82C00CC007C00000000000000000008000E00AE
:10B83C000C000C000C000C00CC038C00CC004C0059
:10B84C006C007C00DC00CC008C018C019E0700009D
:10B85C0000000000000000000000000040007C0020
:10B86C0060006000600060006000600060006000CC
:10B87C00600060006000600060006000FC0300007D
:10B88C0000000000000000000000000000000000AC
:10B89C0000000000000000007707EE066606660652
:10B8AC00660666066606660666066606EF0E000007
:10B8BC00000000000000000000000000000000007C
:10B8CC000000000000000000CE013C030C030C0340
:10B8DC000C030C030C030C030C030C039E0700005D
:10B8EC00000000000000000000000000000000004C
:10B8FC000000000000000000F00098010C03060698
:10B90C0006060606060606060C030C03F0000000ED
:10B91C00000000000000000000000000000000001B
:10B92C000000000000000000EE011C030C060C06D9
:10B93C000C060C060C060C060C031C03EC010C008C
:10B94C000C003E00000000000000000000000000A1
:10B95C00000000000000000078028C030C030603BA
:10B96C00060306030603060304038C037803000393
:10B97C000003C007000000000000000000000000F1
:10B98C0000000000000000009F0758063800180057
:10B99C00180018001800180018001800FF0000000C
:10B9AC00000000000000000000000000000000008B
:10B9BC000000000000000000F00718060C040C004A
:10B9CC003800F0018003040604060C03FC0100009F
:10B9DC00000000000000000000000000000000005B
:10B9EC002000200030003000FE013000300030001C
:10B9FC00300030003000300030023002E001000036
:10BA0C00000000000000000000000000000000002A
:10BA1C0000000000000008028E030C030C030C0352
:10BA2C000C030C030C030C030C039C0778010000A3
:10BA3C0000000000000000000000000000000000FA
:10BA4C0000000000000000003E0F1C061802180247
:10BA5C00300130013001E000E000E0004000000067
:10BA6C0000000000000000000000000000000000CA
:10BA7C000000000000000000EF0DC604C604E60440
:10BA8C00EC04AC039C039C039C030801080100001C
:10BA9C00000000000000000000000000000000009A
:10BAAC000000000000000000BE0718019801B00063
:10BABC0070006000E000D00098018803DE070000F1
:10BACC00000000000000000000000000000000006A
:10BADC000000000000000000BE071C011801180146
:10BAEC00B000B000B00060006000400020002000FA
:10BAFC0014001C000000000000000000000000000A
:10BB0C000000000000000000FC038401C401C00020
:10BB1C00E00060007000300438041806FC030000DC
:10BB2C000000000000000000000380018000800085
:10BB3C0080008000800080008000C0002000C000D9
:10BB4C0080008000800080008000800080008001E8
:10BB5C000003000040004000400040004000400056
:10BB6C0040004000400040004000400040004000C9
:10BB7C0040004000400040004000400040004000B9
:10BB8C0040004000000000000C00180010001000E5
:10BB9C0010001000100010001000300040003000A9
:10BBAC001000100010001000100010001000180001
:10BBBC000C00000000001C00240042088204000756
:10BBCC000000000000000000000000000000000069
:10BBDC000000000000000000000000000000000059
:10BBEC000000000000000000000000000000000049
:10BBFC000000000000000000000000000000000039
:10BC0C000000000000000000000000000000000028
:10BC1C000000000000000000000000000000000018
:10BC2C000000000000000000000000000000C00147
:10BC3C00C001C001C001C001C001C0018000800072
:10BC4C008000800080008000800000000000000068
:10BC5C0000008001C003C003800100000000000050
:10BC6C0000000000000000000000E01CE01CF01EC2
:10BC7C00700E380718030801840000000000000053
:10BC8C0000000000000000000000000000000000A8
:10BC9C000000000000000000000000000000000098
:10BCAC000000000000000000000000000000000088
:10BCBC0020102010201020102010FE7FFE7F100876
:10BCCC00100810081008100810081008FE7FFE7FDE
:10BCDC00080408040804080408040000000000001C
:10BCEC000000000000000000000000000001000146
:10BCFC00C007601910311831183918393801700122
:10BD0C00E001C0038007000F001D003900311C3119
:10BD1C001C310C310C11180DE00700010001000161
:10BD2C000000000000000000000000000000000007
:10BD3C001C1036186308630C63046304630263020B
:10BD4C006301361D9C37802280634063406320630F
:10BD5C002063306310221836081C0000000000001D
:10BD6C0000000000000000000000000000000000C7
:10BD7C00F00098018C018C018C018C018C00CC00A2
:10BD8C007800183E1C083608320863046304C304A8
:10BD9C00C303834306438E26781C0000000000007A
:10BDAC00000000000000000000001C003C003C00F3
:10BDBC003000300010000C000600000000000000F5
:10BDCC000000000000000000000000000000000067
:10BDDC000000000000000000000000000000000057
:10BDEC0000000000000000000000004000200010D7
:10BDFC000008000C0004000600030003000380018F
:10BE0C00800180018001800180018001800100039C
:10BE1C000003000300060006000C000800100020C0
:10BE2C0000400000000000000000020004000800B8
:10BE3C001000300020006000C000C000C000800175
:10BE4C008001800180018001800180018001C0009F
:10BE5C00C000C0006000600030001000080004004A
:10BE6C0002000000000000000000000000000000C4
:10BE7C000000000000018003800300011C713C796C
:10BE8C00783DC0070001C007783D3C791C7100016A
:10BE9C00800380038001000000000000000000000F
:10BEAC000000000000000000000000000000000086
:10BEBC000000000000000001000100010001000171
:10BECC0000010001FC7F00010001000100010001E4
:10BEDC000001000100000000000000000000000054
:10BEEC000000000000000000000000000000000046
:10BEFC000000000000000000000000000000000036
:10BF0C000000000000000000000000000000000025
:10BF1C00000000001C003C003C0030003000100011
:10BF2C000C000600000000000000000000000000F3
:10BF3C0000000000000000000000000000000000F5
:10BF4C0000000000FE7F0000000000000000000068
:10BF5C0000000000000000000000000000000000D5
:10BF6C0000000000000000000000000000000000C5
:10BF7C0000000000000000000000000000000000B5
:10BF8C0000000000000000000000000000000000A5
:10BF9C00000018003C003C001800000000000000ED
:10BFAC0000000000000000000000004000600020C5
:10BFBC000030001000180008000C000400060002FD
:10BFCC000003000180018000C000400060002000E0
:10BFDC0030001000180008000C00040006000200DD
:10BFEC000000000000000000000000000000000045
:10BFFC00C007600C30181830183018200C600C601A
:10C00C000C600C600C600C600C600C600C601820F8
:10C01C00183018303018600CC00700000000000009
:10C02C000000000000000000000000000000000004
:10C03C0000018001F80180018001800180018001F4
:10C04C0080018001800180018001800180018001DC
:10C05C00800180018001C003F81F00000000000077
:10C06C0000000000000000000000000000000000C4
:10C07C00E007101C0818043004300C300C30003071
:10C08C00001800080004000200018000400020207D
:10C09C00102008200430FC1FFC1F000000000000D2
:10C0AC000000000000000000000000000000000084
:10C0BC00E003180E0C0C0C180C180C180018000CC3
:10C0CC000006C003000E00180010003000300C30C9
:10C0DC000C300C100C18180CE003000000000000D1
:10C0EC000000000000000000000000000000000044
:10C0FC00000C000E000E000F800E800E400E600E25
:10C10C00200E100E100E080E040E040EFE7F000EF4
:10C11C00000E000E000E000E000EC07F000000008E
:10C12C000000000000000000000000000000000003
:10C13C00F03FF03F10001000100008000800C80786
:10C14C00280C1818081000300030003000300C306B
:10C15C000C3004180418080CF00300000000000058
:10C16C0000000000000000000000000000000000C3
:10C17C00800FC010203010301800180008000C0080
:10C18C008C0F6C183C301C600C600C600C600C60EC
:10C19C001860182030306018C00700000000000044
:10C1AC000000000000000000000000000000000083
:10C1BC00F83FF83F1C100C080408040400040002AB
:10C1CC000002000100010001800080008000C0001E
:10C1DC00C000C000C000C000C00000000000000093
:10C1EC000000000000000000000000000000000043
:10C1FC00E007300C18180C300C300C301C30381890
:10C20C007008E007B007180E0C1C06380630063014
:10C21C00063006300C18180CE0030000000000007B
:10C22C000000000000000000000000000000000002
:10C23C00E00318040C080C18061006300630063003
:10C24C00063006380C3C1836F03100300018001857
:10C25C0000180C0C0C060C03F00100000000000090
:10C26C0000000000000000000000000000000000C2
:10C27C000000000000000000000000000000800131
:10C28C00C003C0038001000000000000000000009B
:10C29C0000008001C003C00380010000000000000A
:10C2AC000000000000000000000000000000000082
:10C2BC000000000000000000000000000000C000B2
:10C2CC00C0000000000000000000000000000000A2
:10C2DC00000000000000C000C00080008000400092
:10C2EC0040000000000000000000000000000020E2
:10C2FC00001000080004000600038001C00060006C
:10C30C00300018000C00180030006000C0008001E4
:10C31C0000030006000400080010002000000000CC
:10C32C000000000000000000000000000000000001
:10C33C000000000000000000000000000000FE7F74
:10C34C0000000000000000000000FE7F0000000064
:10C35C0000000000000000000000000000000000D1
:10C36C0000000000000000000000000000000400BD
:10C37C000800100020006000C000800100030006CF
:10C38C00000C001800300018000C0006000380019F
:10C39C00C000600020001000080004000000000035
:10C3AC000000000000000000000000000000C007BA
:10C3BC003018083008600C601C601C601C60003079
:10C3CC00001C00060001800080008000800000003E
:10C3DC0000008001C003C0038001000000000000C9
:10C3EC000000000000000000000000000000000041
:10C3FC00C0076018103018200C2F8C4D864CC64C82
:10C40C00C64C664C66446644662666266615CC1C8D
:10C41C000C40082018303018C00700000000000045
:10C42C0000000000000000000000000000000001FF
:10C43C00C001C001C00140016003200320032003A0
:10C44C003006100610061006F80F080C080C080C25
:10C45C000C0C0418041806181F7C000000000000C7
:10C46C0000000000000000000000000000000000C0
:10C47C00FE07181C183818301830183018301818D7
:10C48C00180CF80718181830182018601860186065
:10C49C001860186018301818FE0F0000000000001B
:10C4AC000000000000000000000000000000000080
:10C4BC00C0276038103018200C400C4004000600D7
:10C4CC0006000600060006000600060006000C40EA
:10C4DC000C400C2018303018C00700000000000081
:10C4EC000000000000000000000000000000000040
:10C4FC00FE03180E18181830183018301860186011
:10C50C00186018601860186018601860186018308F
:10C51C00183018101818180EFE0300000000000048
:10C52C0000000000000000000000000000000000FF
:10C53C00FE3F18301820186018401800180818080A
:10C54C00180CF80F180C1808180818001800180008
:10C55C001840184018201830FE3F00000000000062
:10C56C0000000000000000000000000000000000BF
:10C57C00FE7F1870184018C018801800181018107A
:10C58C001818F81F18181810181018001800180090
:10C59C0018001800180018007E00000000000000B1
:10C5AC00000000000000000000000000000000007F
:10C5BC00C013701C101018100C200C200400060066
:10C5CC00060006000600060006FC063006300C309D
:10C5DC000C30183018303008C00700000000000084
:10C5EC00000000000000000000000000000000003F
:10C5FC003F7E0C180C180C180C180C180C180C1876
:10C60C000C180C18FC1F0C180C180C180C180C1807
:10C61C000C180C180C180C183F7E000000000000C1
:10C62C0000000000000000000000000000000000FE
:10C63C00F81F800180018001800180018001800150
:10C64C0080018001800180018001800180018001D6
:10C65C008001800180018001F81F000000000000B3
:10C66C0000000000000000000000000000000000BE
:10C67C00E07F000600060006000600060006000625
:10C68C00000600060006000600060006000600066E
:10C69C000006000600060006000600060E060E0345
:10C6AC008E01FC00000000000000000000000000F3
:10C6BC007E7C18181808180418061802180198011E
:10C6CC009801D801B803380318071806180E180C6F
:10C6DC00181C1818183018307EFC000000000000E0
:10C6EC00000000000000000000000000000000003E
:10C6FC007E00180018001800180018001800180008
:10C70C00180018001800180018001800180018005D
:10C71C001840184018201830FE3F000000000000A0
:10C72C0000000000000000000000000000000000FD
:10C73C001FF81C381C381C381C3C3434343434344A
:10C74C00343674326432643264326431C431C4318C
:10C75C00C431C430C43084309FFC000000000000A1
:10C76C0000000000000000000000000000000000BD
:10C77C001F7C1C103C103410341074106410E41026
:10C78C00C410C41184118413041304170416041E5A
:10C79C00041C041C041C04181F18000000000000DA
:10C7AC00000000000000000000000000000000007D
:10C7BC00C003300C181808100C300C3006600660E2
:10C7CC0006600660066006600660066006600C2067
:10C7DC000C3008101818300CC003000000000000CA
:10C7EC00000000000000000000000000000000003D
:10C7FC00FE0F181818301860186018601860186050
:10C80C0018301818F80F1800180018001800180025
:10C81C0018001800180018007E000000000000002E
:10C82C0000000000000000000000000000000000FC
:10C83C00C003300C18180C100C300C20066006606D
:10C84C000660066006600660066006600660E461CD
:10C85C002C331C321816300EC007004C007C0038EC
:10C86C0000000000000000000000000000000000BC
:10C87C00FE07181C183818301830183018301818D3
:10C88C00180CF80798031803180718061806180E42
:10C89C00180C180C181C18187E78000000000000EA
:10C8AC00000000000000000000000000000000007C
:10C8BC00E027303818300C200C200C000C0018002D
:10C8CC007800E003800F001E0038007000600460E8
:10C8DC000460086018303818C80F00000000000011
:10C8EC00000000000000000000000000000000003C
:10C8FC00FC3F8C2184618241824180018001800156
:10C90C008001800180018001800180018001800113
:10C91C008001800180018001E00700000000000020
:10C92C0000000000000000000000000000000000FB
:10C93C003F7C0C100C100C100C100C100C100C106C
:10C94C000C100C100C100C100C100C100C100C10FB
:10C95C000C100C1008083804E00300000000000064
:10C96C0000000000000000000000000000000000BB
:10C97C003EF81820182018203010301030103010CD
:10C98C00600860086008E00CC004C004C0048003A8
:10C99C008003800380030001000100000000000000
:10C9AC00000000000000000000000000000000007B
:10C9BC00DFF38661862186218C210C218C238C133C
:10C9CC008C138C134C1358125816580E380E380EF4
:10C9DC00380E300C1004100410040000000000008D
:10C9EC00000000000000000000000000000000003B
:10C9FC007E3E180838083004300470026002E001F2
:10CA0C00C001C001800180034003400720062006BE
:10CA1C00100C100C081808183E7C000000000000D8
:10CA2C0000000000000000000000000000000000FA
:10CA3C007E7C1C10181018083008300C7004600430
:10CA4C006002C002C002C00180018001800180012F
:10CA5C008001800180018001E007000000000000DF
:10CA6C0000000000000000000000000000000000BA
:10CA7C00F83F18180818040C040E000600070003F1
:10CA8C0080038001C001C000E00060007000300035
:10CA9C00382018201C100C18FE1F0000000000008D
:10CAAC0000000000000000000000C03F40004000FB
:10CABC00400040004000400040004000400040006A
:10CACC00400040004000400040004000400040005A
:10CADC004000400040004000400040004000C03F8B
:10CAEC000000000000000000000000000000080032
:10CAFC00180018001000300020006000600040009A
:10CB0C00C0008000800180010001000300020006CB
:10CB1C0000060004000C000800180018001000307B
:10CB2C0000200000000000000000FC0300020002D6
:10CB3C0000020002000200020002000200020002D9
:10CB4C0000020002000200020002000200020002C9
:10CB5C000002000200020002000200020002FC03BC
:10CB6C00000000000000000000008007C006200844
:10CB7C001010000000000000000000000000000089
:10CB8C000000000000000000000000000000000099
:10CB9C000000000000000000000000000000000089
:10CBAC000000000000000000000000000000000079
:10CBBC000000000000000000000000000000000069
:10CBCC000000000000000000000000000000000059
:10CBDC000000000000000000000000000000000049
:10CBEC000000FFFF0000000000007800C000000102
:10CBFC000000000000000000000000000000000029
:10CC0C000000000000000000000000000000000018
:10CC1C000000000000000000000000000000000008
:10CC2C0000000000000000000000000000000000F8
:10CC3C000000000000000000000000000000F003F5
:10CC4C0018060C0C0C0C000C800F700C1C0C0C0C33
:10CC5C00060C060C064C0C4FF838000000000000C7
:10CC6C0000000000000000000000000000001000A8
:10CC7C001E00180018001800180018001800180FD3
:10CC8C00D818383038601860186018601860186050
:10CC9C001860182038307818C80700000000000011
:10CCAC000000000000000000000000000000000078
:10CCBC000000000000000000000000000000C007A1
:10CCCC00700C181818180C180C000C000C000C0028
:10CCDC000C20182018103008C007000000000000BD
:10CCEC000000000000000000000000000000001028
:10CCFC00001E001800180018001800180018E01B7F
:10CD0C00301C181818180C180C180C180C180C18B7
:10CD1C000C180818181C307AE009000000000000FC
:10CD2C0000000000000000000000000000000000F7
:10CD3C000000000000000000000000000000C00720
:10CD4C00300C181808100C300C30FC3F0C000C0088
:10CD5C000C00182018107018C0070000000000000C
:10CD6C0000000000000000000000000000000000B7
:10CD7C00003E80C380C0C0C0C000C000C000FC1F0B
:10CD8C00C000C000C000C000C000C000C000C00097
:10CD9C00C000C000C000C000F80F00000000000080
:10CDAC000000000000000000000000000000000077
:10CDBC000000000000000000000000000000C07730
:10CDCC00306C10181818181818181018300CF007A8
:10CDDC0018001800F00FF03F08700C600C600C602D
:10CDEC003838E00F000000000000000000001000C8
:10CDFC001E00180018001800180018001800980FD2
:10CE0C00D81838301830183018301830183018300E
:10CE1C0018301830183018307EFC0000000000006C
:10CE2C0000000000000000000000000000000000F6
:10CE3C008003800380030000000000000001F80163
:10CE4C0080018001800180018001800180018001CE
:10CE5C008001800180018001F81F000000000000AB
:10CE6C0000000000000000000000000000000000B6
:10CE7C000038003800380000000000000010801F4F
:10CE8C0000180018001800180018001800180018D6
:10CE9C000018001800180018001800180018180CBA
:10CEAC001806F00300000000000000000000100055
:10CEBC001E00180018001800180018001800183E62
:10CECC00180C1806180318019801D8013803180714
:10CEDC001806180C181C18187E7C000000000000A6
:10CEEC000000000000000000000000000000000135
:10CEFC00F8018001800180018001800180018001A6
:10CF0C00800180018001800180018001800180010D
:10CF1C008001800180018001F81F000000000000EA
:10CF2C0000000000000000000000000000000000F5
:10CF3C000000000000000000000000000800EE1CD3
:10CF4C009C338C318C318C318C318C318C318C31DB
:10CF5C008C318C318C318C31DE7B00000000000078
:10CF6C0000000000000000000000000000000000B5
:10CF7C0000000000000000000000000010001E0F68
:10CF8C00D81838301830183018301830183018308D
:10CF9C0018301830183018307EFC000000000000EB
:10CFAC000000000000000000000000000000000075
:10CFBC000000000000000000000000000000C0079E
:10CFCC00701C103018300C600C600C600C600C6025
:10CFDC000C60183018303018C0070000000000003A
:10CFEC000000000000000000000000000000000035
:10CFFC0000000000000000000000000010009E0F68
:10D00C0058183830182018601860186018601860AC
:10D01C001860183038307818980718001800180065
:10D02C0018007E000000000000000000000000005E
:10D03C000000000000000000000000000000C02301
:10D04C00303C183818300C300C300C300C300C30A4
:10D05C000C3008301838303CE033003000300030F1
:10D06C00003000FC00000000000000000000000088
:10D07C0000000000000000000000000060007E3C8A
:10D08C0060666061E000E0006000600060006000CD
:10D09C006000600060006000FE07000000000000FF
:10D0AC000000000000000000000000000000000074
:10D0BC000000000000000000000000000000E0275D
:10D0CC0030381830182018007000E003800F001C56
:10D0DC00043004300C301C18EC0F00000000000071
:10D0EC000000000000000000000000000000000034
:10D0FC0000000000800080008000C000E000FC1FE9
:10D10C00C000C000C000C000C000C000C000C00013
:10D11C00C000C020C0208011000F000000000000E3
:10D12C0000000000000000000000000000000000F3
:10D13C0000000000000000000000000010201E3C59
:10D14C001830183018301830183018301830183093
:10D15C0018301830183830F4E013000000000000CC
:10D16C0000000000000000000000000000000000B3
:10D17C0000000000000000000000000000007E3CE9
:10D18C001818180838083004300470026002600265
:10D19C00E001C001C001C0008000000000000000E0
:10D1AC000000000000000000000000000000000073
:10D1BC000000000000000000000000000000DFF78D
:10D1CC008E630C238C238C239813981358165816A3
:10D1DC00700E700E700E2004200400000000000081
:10D1EC000000000000000000000000000000000033
:10D1FC000000000000000000000000000000FC3EE9
:10D20C0070087004E004C002C00180038003400772
:10D21C006006200C100C18183E7E00000000000068
:10D22C0000000000000000000000000000000000F2
:10D23C0000000000000000000000000000007E7CE8
:10D24C001818180830083008300460046004C00254
:10D25C00C002C0028001800180018000800080003B
:10D26C004C003C000000000000000000000000002A
:10D27C000000000000000000000000000000FC1F87
:10D28C000C0C040E0406000380038001C000E000B7
:10D29C007020302038301C18FC1F000000000000EB
:10D2AC000000000000000000000000300008000436
:10D2BC000004000400040004000400040004000442
:10D2CC0000040002800100020004000400040004B9
:10D2DC00000400040004000400040004000400081E
:10D2EC0000300000000100010001000100010001FC
:10D2FC00000100010001000100010001000100011A
:10D30C000001000100010001000100010001000109
:10D31C0000010001000100010001000100010001F9
:10D32C00000100010000000000000C0010002000B3
:10D33C0020002000200020002000200020002000E1
:10D34C002000400080014000200020002000200030
:10D35C0020002000200020002000200020001000D1
:10D36C000C00000000003800C4008640026100225E
:10D37C00001C000000000000000000000000000085
:10D38C000000000000000000000000000000000091
:10D39C000000000000000000000000000000000081
:10D3AC000000000000000000000000000102030467
:10D3BC00060708090000000001020304000610160D
:10D3CC0000061016232D302B2000686C4C0065666F
:10D3DC0067454647003031323334353637383941BA
:10D3EC0042434445460030313233343536373839D0
:08D3FC006162636465660000D4
:08D404001837FF7F0100000052
:04D40C00B50100085E
:04D41000910100087E
:10D4140017140902020C18140B06180C180000004B
:10D42400630000000024F40010000000010000006C
:10D4340024000020000000000000000000000000A4
:10D4440000000000000000000000000000000000D8
:10D4540000000000000000000000000000000000C8
:10D4640000000000000000000000000000000000B8
:10D4740000000000000000000000000000000000A8
:10D484000000000000000000000000000000000098
:04D494000000000094
:0400000508003FBDF3
:00000001FF
